trajectory_name,index,x,y,z,source_file
ODOM360B,0,0.0,0.0,0.0,external_baselines/results/odom360b_local_pose_graph_kstep/test/pg_k3/ridge_to_lake/pred_tum.txt
ODOM360B,1,0.064787304,-0.060678895,-0.647142385,external_baselines/results/odom360b_local_pose_graph_kstep/test/pg_k3/ridge_to_lake/pred_tum.txt
ODOM360B,2,0.215709109,-0.313151109,-1.127086173,external_baselines/results/odom360b_local_pose_graph_kstep/test/pg_k3/ridge_to_lake/pred_tum.txt
ODOM360B,3,0.126951871,-0.44052155,-1.657151125,external_baselines/results/odom360b_local_pose_graph_kstep/test/pg_k3/ridge_to_lake/pred_tum.txt
ODOM360B,4,0.301733782,-0.417842639,-2.177543894,external_baselines/results/odom360b_local_pose_graph_kstep/test/pg_k3/ridge_to_lake/pred_tum.txt
ODOM360B,5,0.506704989,-0.663466914,-2.612752171,external_baselines/results/odom360b_local_pose_graph_kstep/test/pg_k3/ridge_to_lake/pred_tum.txt
ODOM360B,6,0.471689196,-0.651243147,-3.131225066,external_baselines/results/odom360b_local_pose_graph_kstep/test/pg_k3/ridge_to_lake/pred_tum.txt
ODOM360B,7,0.462972937,-0.892227763,-3.571595053,external_baselines/results/odom360b_local_pose_graph_kstep/test/pg_k3/ridge_to_lake/pred_tum.txt
ODOM360B,8,0.682625498,-0.949704149,-4.010935239,external_baselines/results/odom360b_local_pose_graph_kstep/test/pg_k3/ridge_to_lake/pred_tum.txt
ODOM360B,9,0.586699348,-0.950640565,-4.483821834,external_baselines/results/odom360b_local_pose_graph_kstep/test/pg_k3/ridge_to_lake/pred_tum.txt
ODOM360B,10,0.637417104,-1.228090735,-4.855720366,external_baselines/results/odom360b_local_pose_graph_kstep/test/pg_k3/ridge_to_lake/pred_tum.txt
ODOM360B,11,0.75868641,-1.167274763,-5.312467156,external_baselines/results/odom360b_local_pose_graph_kstep/test/pg_k3/ridge_to_lake/pred_tum.txt
ODOM360B,12,0.736724736,-1.42321402,-5.703138888,external_baselines/results/odom360b_local_pose_graph_kstep/test/pg_k3/ridge_to_lake/pred_tum.txt
ODOM360B,13,0.780881912,-1.337832291,-6.140162361,external_baselines/results/odom360b_local_pose_graph_kstep/test/pg_k3/ridge_to_lake/pred_tum.txt
ODOM360B,14,0.659543873,-1.527406782,-6.513757528,external_baselines/results/odom360b_local_pose_graph_kstep/test/pg_k3/ridge_to_lake/pred_tum.txt
ODOM360B,15,0.812533051,-1.519153067,-6.929092943,external_baselines/results/odom360b_local_pose_graph_kstep/test/pg_k3/ridge_to_lake/pred_tum.txt
ODOM360B,16,0.64600192,-1.683732993,-7.292346104,external_baselines/results/odom360b_local_pose_graph_kstep/test/pg_k3/ridge_to_lake/pred_tum.txt
ODOM360B,17,0.689685838,-1.611174062,-7.707973981,external_baselines/results/odom360b_local_pose_graph_kstep/test/pg_k3/ridge_to_lake/pred_tum.txt
ODOM360B,18,0.724683595,-1.858035642,-8.051897437,external_baselines/results/odom360b_local_pose_graph_kstep/test/pg_k3/ridge_to_lake/pred_tum.txt
ODOM360B,19,0.606005664,-1.794527298,-8.440122277,external_baselines/results/odom360b_local_pose_graph_kstep/test/pg_k3/ridge_to_lake/pred_tum.txt
ODOM360B,20,0.628732574,-2.03602547,-8.762691612,external_baselines/results/odom360b_local_pose_graph_kstep/test/pg_k3/ridge_to_lake/pred_tum.txt
ODOM360B,21,0.675781082,-1.966854794,-9.150917561,external_baselines/results/odom360b_local_pose_graph_kstep/test/pg_k3/ridge_to_lake/pred_tum.txt
ODOM360B,22,0.532097055,-2.143088075,-9.480981031,external_baselines/results/odom360b_local_pose_graph_kstep/test/pg_k3/ridge_to_lake/pred_tum.txt
ODOM360B,23,0.660966201,-2.12115446,-9.861702708,external_baselines/results/odom360b_local_pose_graph_kstep/test/pg_k3/ridge_to_lake/pred_tum.txt
ODOM360B,24,0.499445835,-2.252431236,-10.214818133,external_baselines/results/odom360b_local_pose_graph_kstep/test/pg_k3/ridge_to_lake/pred_tum.txt
ODOM360B,25,0.638891583,-2.208831951,-10.600367997,external_baselines/results/odom360b_local_pose_graph_kstep/test/pg_k3/ridge_to_lake/pred_tum.txt
ODOM360B,26,0.541195921,-2.393730752,-10.955865024,external_baselines/results/odom360b_local_pose_graph_kstep/test/pg_k3/ridge_to_lake/pred_tum.txt
ODOM360B,27,0.547549275,-2.277313891,-11.362632071,external_baselines/results/odom360b_local_pose_graph_kstep/test/pg_k3/ridge_to_lake/pred_tum.txt
ODOM360B,28,0.633518882,-2.489651783,-11.717335011,external_baselines/results/odom360b_local_pose_graph_kstep/test/pg_k3/ridge_to_lake/pred_tum.txt
ODOM360B,29,0.618886745,-2.38056774,-12.132191205,external_baselines/results/odom360b_local_pose_graph_kstep/test/pg_k3/ridge_to_lake/pred_tum.txt
ODOM360B,30,0.693430168,-2.608059046,-12.485561359,external_baselines/results/odom360b_local_pose_graph_kstep/test/pg_k3/ridge_to_lake/pred_tum.txt
ODOM360B,31,0.563180526,-2.619192018,-12.878743215,external_baselines/results/odom360b_local_pose_graph_kstep/test/pg_k3/ridge_to_lake/pred_tum.txt
ODOM360B,32,0.7426139,-2.751999009,-13.233884005,external_baselines/results/odom360b_local_pose_graph_kstep/test/pg_k3/ridge_to_lake/pred_tum.txt
ODOM360B,33,0.700491705,-2.659680851,-13.630213009,external_baselines/results/odom360b_local_pose_graph_kstep/test/pg_k3/ridge_to_lake/pred_tum.txt
ODOM360B,34,0.585852414,-2.821247285,-14.002064395,external_baselines/results/odom360b_local_pose_graph_kstep/test/pg_k3/ridge_to_lake/pred_tum.txt
ODOM360B,35,0.856588197,-2.887609562,-14.320707299,external_baselines/results/odom360b_local_pose_graph_kstep/test/pg_k3/ridge_to_lake/pred_tum.txt
ODOM360B,36,0.956239014,-2.801373522,-14.710446317,external_baselines/results/odom360b_local_pose_graph_kstep/test/pg_k3/ridge_to_lake/pred_tum.txt
ODOM360B,37,0.853259094,-3.008108567,-15.079791397,external_baselines/results/odom360b_local_pose_graph_kstep/test/pg_k3/ridge_to_lake/pred_tum.txt
ODOM360B,38,0.894738131,-2.961356625,-15.505303887,external_baselines/results/odom360b_local_pose_graph_kstep/test/pg_k3/ridge_to_lake/pred_tum.txt
ODOM360B,39,1.032148173,-2.959309789,-15.910502929,external_baselines/results/odom360b_local_pose_graph_kstep/test/pg_k3/ridge_to_lake/pred_tum.txt
ODOM360B,40,0.895823599,-3.16748981,-16.280860941,external_baselines/results/odom360b_local_pose_graph_kstep/test/pg_k3/ridge_to_lake/pred_tum.txt
ODOM360B,41,0.971566058,-3.111997534,-16.712195489,external_baselines/results/odom360b_local_pose_graph_kstep/test/pg_k3/ridge_to_lake/pred_tum.txt
ODOM360B,42,0.793083476,-3.286500505,-17.061324856,external_baselines/results/odom360b_local_pose_graph_kstep/test/pg_k3/ridge_to_lake/pred_tum.txt
ODOM360B,43,0.946279165,-3.387784293,-17.450046213,external_baselines/results/odom360b_local_pose_graph_kstep/test/pg_k3/ridge_to_lake/pred_tum.txt
ODOM360B,44,0.786994465,-3.381412167,-17.84793302,external_baselines/results/odom360b_local_pose_graph_kstep/test/pg_k3/ridge_to_lake/pred_tum.txt
ODOM360B,45,0.935999946,-3.587106167,-18.210165236,external_baselines/results/odom360b_local_pose_graph_kstep/test/pg_k3/ridge_to_lake/pred_tum.txt
ODOM360B,46,0.981177364,-3.510130117,-18.626169573,external_baselines/results/odom360b_local_pose_graph_kstep/test/pg_k3/ridge_to_lake/pred_tum.txt
ODOM360B,47,0.777670153,-3.602798072,-18.973609049,external_baselines/results/odom360b_local_pose_graph_kstep/test/pg_k3/ridge_to_lake/pred_tum.txt
ODOM360B,48,0.830919232,-3.83547511,-19.321778932,external_baselines/results/odom360b_local_pose_graph_kstep/test/pg_k3/ridge_to_lake/pred_tum.txt
ODOM360B,49,0.906696308,-3.774736348,-19.73139858,external_baselines/results/odom360b_local_pose_graph_kstep/test/pg_k3/ridge_to_lake/pred_tum.txt
ODOM360B,50,0.703281458,-3.872597788,-20.08780548,external_baselines/results/odom360b_local_pose_graph_kstep/test/pg_k3/ridge_to_lake/pred_tum.txt
ODOM360B,51,0.860565185,-3.900622813,-20.497381924,external_baselines/results/odom360b_local_pose_graph_kstep/test/pg_k3/ridge_to_lake/pred_tum.txt
ODOM360B,52,0.846634308,-4.135951604,-20.880397906,external_baselines/results/odom360b_local_pose_graph_kstep/test/pg_k3/ridge_to_lake/pred_tum.txt
ODOM360B,53,0.700058134,-4.090432958,-21.30805856,external_baselines/results/odom360b_local_pose_graph_kstep/test/pg_k3/ridge_to_lake/pred_tum.txt
ODOM360B,54,0.793196458,-4.266216658,-21.716751632,external_baselines/results/odom360b_local_pose_graph_kstep/test/pg_k3/ridge_to_lake/pred_tum.txt
ODOM360B,55,0.6045104,-4.282830963,-22.128749854,external_baselines/results/odom360b_local_pose_graph_kstep/test/pg_k3/ridge_to_lake/pred_tum.txt
ODOM360B,56,0.755231395,-4.449923908,-22.54400316,external_baselines/results/odom360b_local_pose_graph_kstep/test/pg_k3/ridge_to_lake/pred_tum.txt
ODOM360B,57,0.593312051,-4.501826417,-22.977669913,external_baselines/results/odom360b_local_pose_graph_kstep/test/pg_k3/ridge_to_lake/pred_tum.txt
ODOM360B,58,0.753362598,-4.496514367,-23.404980844,external_baselines/results/odom360b_local_pose_graph_kstep/test/pg_k3/ridge_to_lake/pred_tum.txt
ODOM360B,59,0.637363057,-4.690844338,-23.787401178,external_baselines/results/odom360b_local_pose_graph_kstep/test/pg_k3/ridge_to_lake/pred_tum.txt
ODOM360B,60,0.801024234,-4.680718753,-24.200924948,external_baselines/results/odom360b_local_pose_graph_kstep/test/pg_k3/ridge_to_lake/pred_tum.txt
ODOM360B,61,0.643508224,-4.751360986,-24.604438134,external_baselines/results/odom360b_local_pose_graph_kstep/test/pg_k3/ridge_to_lake/pred_tum.txt
ODOM360B,62,0.793977074,-4.951657923,-24.974857809,external_baselines/results/odom360b_local_pose_graph_kstep/test/pg_k3/ridge_to_lake/pred_tum.txt
ODOM360B,63,0.676430132,-4.910221352,-25.395108133,external_baselines/results/odom360b_local_pose_graph_kstep/test/pg_k3/ridge_to_lake/pred_tum.txt
ODOM360B,64,0.839974736,-4.957455322,-25.794797521,external_baselines/results/odom360b_local_pose_graph_kstep/test/pg_k3/ridge_to_lake/pred_tum.txt
ODOM360B,65,0.65562411,-5.082096248,-26.162716552,external_baselines/results/odom360b_local_pose_graph_kstep/test/pg_k3/ridge_to_lake/pred_tum.txt
ODOM360B,66,0.812432538,-5.190616011,-26.55323308,external_baselines/results/odom360b_local_pose_graph_kstep/test/pg_k3/ridge_to_lake/pred_tum.txt
ODOM360B,67,0.684791329,-5.137045577,-26.946698958,external_baselines/results/odom360b_local_pose_graph_kstep/test/pg_k3/ridge_to_lake/pred_tum.txt
ODOM360B,68,0.7529933,-5.336779557,-27.304784457,external_baselines/results/odom360b_local_pose_graph_kstep/test/pg_k3/ridge_to_lake/pred_tum.txt
ODOM360B,69,0.672936573,-5.224255389,-27.687740715,external_baselines/results/odom360b_local_pose_graph_kstep/test/pg_k3/ridge_to_lake/pred_tum.txt
ODOM360B,70,0.679846975,-5.449215348,-28.030805138,external_baselines/results/odom360b_local_pose_graph_kstep/test/pg_k3/ridge_to_lake/pred_tum.txt
ODOM360B,71,0.560259135,-5.379246326,-28.414542082,external_baselines/results/odom360b_local_pose_graph_kstep/test/pg_k3/ridge_to_lake/pred_tum.txt
ODOM360B,72,0.75738662,-5.522898434,-28.785357068,external_baselines/results/odom360b_local_pose_graph_kstep/test/pg_k3/ridge_to_lake/pred_tum.txt
ODOM360B,73,0.585960103,-5.640637727,-29.165506922,external_baselines/results/odom360b_local_pose_graph_kstep/test/pg_k3/ridge_to_lake/pred_tum.txt
ODOM360B,74,0.687989333,-5.580089051,-29.574192491,external_baselines/results/odom360b_local_pose_graph_kstep/test/pg_k3/ridge_to_lake/pred_tum.txt
ODOM360B,75,0.471921033,-5.679023783,-29.92664785,external_baselines/results/odom360b_local_pose_graph_kstep/test/pg_k3/ridge_to_lake/pred_tum.txt
ODOM360B,76,0.656252267,-5.731353713,-30.301624898,external_baselines/results/odom360b_local_pose_graph_kstep/test/pg_k3/ridge_to_lake/pred_tum.txt
ODOM360B,77,0.516413145,-5.816806083,-30.689574972,external_baselines/results/odom360b_local_pose_graph_kstep/test/pg_k3/ridge_to_lake/pred_tum.txt
ODOM360B,78,0.727601541,-5.793017529,-31.067580537,external_baselines/results/odom360b_local_pose_graph_kstep/test/pg_k3/ridge_to_lake/pred_tum.txt
ODOM360B,79,0.631332208,-6.002550178,-31.451208597,external_baselines/results/odom360b_local_pose_graph_kstep/test/pg_k3/ridge_to_lake/pred_tum.txt
ODOM360B,80,0.801472564,-6.015789873,-31.871936125,external_baselines/results/odom360b_local_pose_graph_kstep/test/pg_k3/ridge_to_lake/pred_tum.txt
ODOM360B,81,0.652134796,-6.000353164,-32.33434927,external_baselines/results/odom360b_local_pose_graph_kstep/test/pg_k3/ridge_to_lake/pred_tum.txt
ODOM360B,82,0.740412275,-6.211684223,-32.780135825,external_baselines/results/odom360b_local_pose_graph_kstep/test/pg_k3/ridge_to_lake/pred_tum.txt
ODOM360B,83,0.896889246,-6.18273896,-33.270451855,external_baselines/results/odom360b_local_pose_graph_kstep/test/pg_k3/ridge_to_lake/pred_tum.txt
ODOM360B,84,0.689867255,-6.191342199,-33.738509755,external_baselines/results/odom360b_local_pose_graph_kstep/test/pg_k3/ridge_to_lake/pred_tum.txt
ODOM360B,85,0.777001247,-6.449423398,-34.192832662,external_baselines/results/odom360b_local_pose_graph_kstep/test/pg_k3/ridge_to_lake/pred_tum.txt
ODOM360B,86,0.961152019,-6.4771289,-34.693164776,external_baselines/results/odom360b_local_pose_graph_kstep/test/pg_k3/ridge_to_lake/pred_tum.txt
ODOM360B,87,0.831747425,-6.486948323,-35.207122537,external_baselines/results/odom360b_local_pose_graph_kstep/test/pg_k3/ridge_to_lake/pred_tum.txt
ODOM360B,88,1.063406208,-6.585846341,-35.665348733,external_baselines/results/odom360b_local_pose_graph_kstep/test/pg_k3/ridge_to_lake/pred_tum.txt
ODOM360B,89,0.978894873,-6.752087389,-36.161893421,external_baselines/results/odom360b_local_pose_graph_kstep/test/pg_k3/ridge_to_lake/pred_tum.txt
ODOM360B,90,1.161380881,-6.73512883,-36.621148639,external_baselines/results/odom360b_local_pose_graph_kstep/test/pg_k3/ridge_to_lake/pred_tum.txt
ODOM360B,91,1.44667573,-6.723456512,-37.024204273,external_baselines/results/odom360b_local_pose_graph_kstep/test/pg_k3/ridge_to_lake/pred_tum.txt
ODOM360B,92,1.524096076,-6.951466001,-37.475332546,external_baselines/results/odom360b_local_pose_graph_kstep/test/pg_k3/ridge_to_lake/pred_tum.txt
ODOM360B,93,1.445352686,-6.884216926,-37.995505857,external_baselines/results/odom360b_local_pose_graph_kstep/test/pg_k3/ridge_to_lake/pred_tum.txt
ODOM360B,94,1.669053439,-7.023983198,-38.471527243,external_baselines/results/odom360b_local_pose_graph_kstep/test/pg_k3/ridge_to_lake/pred_tum.txt
ODOM360B,95,1.699769264,-6.903981374,-39.021759724,external_baselines/results/odom360b_local_pose_graph_kstep/test/pg_k3/ridge_to_lake/pred_tum.txt
ODOM360B,96,1.556502551,-7.04805548,-39.582136366,external_baselines/results/odom360b_local_pose_graph_kstep/test/pg_k3/ridge_to_lake/pred_tum.txt
ODOM360B,97,1.722975588,-7.052744408,-40.168902769,external_baselines/results/odom360b_local_pose_graph_kstep/test/pg_k3/ridge_to_lake/pred_tum.txt
ODOM360B,98,1.514380409,-6.998657141,-40.765867397,external_baselines/results/odom360b_local_pose_graph_kstep/test/pg_k3/ridge_to_lake/pred_tum.txt
ODOM360B,99,1.464850603,-7.181590688,-41.382867355,external_baselines/results/odom360b_local_pose_graph_kstep/test/pg_k3/ridge_to_lake/pred_tum.txt
ODOM360B,100,1.610543764,-7.212123646,-42.032450266,external_baselines/results/odom360b_local_pose_graph_kstep/test/pg_k3/ridge_to_lake/pred_tum.txt
ODOM360B,101,1.532234503,-7.016982974,-42.692725964,external_baselines/results/odom360b_local_pose_graph_kstep/test/pg_k3/ridge_to_lake/pred_tum.txt
ODOM360B,102,1.283979826,-6.957267785,-43.358133138,external_baselines/results/odom360b_local_pose_graph_kstep/test/pg_k3/ridge_to_lake/pred_tum.txt
ODOM360B,103,1.214600006,-7.000714694,-44.079149483,external_baselines/results/odom360b_local_pose_graph_kstep/test/pg_k3/ridge_to_lake/pred_tum.txt
ODOM360B,104,1.217837826,-6.929256957,-44.807906872,external_baselines/results/odom360b_local_pose_graph_kstep/test/pg_k3/ridge_to_lake/pred_tum.txt
ODOM360B,105,0.946031859,-6.729884527,-45.469946753,external_baselines/results/odom360b_local_pose_graph_kstep/test/pg_k3/ridge_to_lake/pred_tum.txt
ODOM360B,106,0.695734581,-6.627538336,-46.149481093,external_baselines/results/odom360b_local_pose_graph_kstep/test/pg_k3/ridge_to_lake/pred_tum.txt
ODOM360B,107,0.686599282,-6.706747586,-46.847553049,external_baselines/results/odom360b_local_pose_graph_kstep/test/pg_k3/ridge_to_lake/pred_tum.txt
ODOM360B,108,0.775803629,-6.735479703,-47.538238905,external_baselines/results/odom360b_local_pose_graph_kstep/test/pg_k3/ridge_to_lake/pred_tum.txt
ODOM360B,109,0.721327952,-6.532809683,-48.212604091,external_baselines/results/odom360b_local_pose_graph_kstep/test/pg_k3/ridge_to_lake/pred_tum.txt
ODOM360B,110,0.517657251,-6.449181704,-48.892122704,external_baselines/results/odom360b_local_pose_graph_kstep/test/pg_k3/ridge_to_lake/pred_tum.txt
ODOM360B,111,0.292448791,-6.486048089,-49.577469632,external_baselines/results/odom360b_local_pose_graph_kstep/test/pg_k3/ridge_to_lake/pred_tum.txt
ODOM360B,112,0.178818614,-6.336500899,-50.270633675,external_baselines/results/odom360b_local_pose_graph_kstep/test/pg_k3/ridge_to_lake/pred_tum.txt
ODOM360B,113,0.20544841,-6.194545201,-50.966583181,external_baselines/results/odom360b_local_pose_graph_kstep/test/pg_k3/ridge_to_lake/pred_tum.txt
ODOM360B,114,0.174540382,-6.261289182,-51.667615659,external_baselines/results/odom360b_local_pose_graph_kstep/test/pg_k3/ridge_to_lake/pred_tum.txt
ODOM360B,115,-0.070295853,-6.241355285,-52.33113985,external_baselines/results/odom360b_local_pose_graph_kstep/test/pg_k3/ridge_to_lake/pred_tum.txt
ODOM360B,116,-0.2032452,-6.03346533,-52.997786194,external_baselines/results/odom360b_local_pose_graph_kstep/test/pg_k3/ridge_to_lake/pred_tum.txt
ODOM360B,117,-0.160852484,-5.985509848,-53.706128474,external_baselines/results/odom360b_local_pose_graph_kstep/test/pg_k3/ridge_to_lake/pred_tum.txt
ODOM360B,118,-0.195685152,-6.058834235,-54.420957245,external_baselines/results/odom360b_local_pose_graph_kstep/test/pg_k3/ridge_to_lake/pred_tum.txt
ODOM360B,119,-0.358639163,-5.908857188,-55.112359187,external_baselines/results/odom360b_local_pose_graph_kstep/test/pg_k3/ridge_to_lake/pred_tum.txt
ODOM360B,120,-0.597766631,-5.74358429,-55.783846425,external_baselines/results/odom360b_local_pose_graph_kstep/test/pg_k3/ridge_to_lake/pred_tum.txt
ODOM360B,121,-0.792148065,-5.785565964,-56.494926915,external_baselines/results/odom360b_local_pose_graph_kstep/test/pg_k3/ridge_to_lake/pred_tum.txt
ODOM360B,122,-0.868857321,-5.790297079,-57.228650599,external_baselines/results/odom360b_local_pose_graph_kstep/test/pg_k3/ridge_to_lake/pred_tum.txt
ODOM360B,123,-1.03430993,-5.581860712,-57.919677489,external_baselines/results/odom360b_local_pose_graph_kstep/test/pg_k3/ridge_to_lake/pred_tum.txt
ODOM360B,124,-1.311779941,-5.445484342,-58.589556538,external_baselines/results/odom360b_local_pose_graph_kstep/test/pg_k3/ridge_to_lake/pred_tum.txt
ODOM360B,125,-1.468985015,-5.505172539,-59.301481834,external_baselines/results/odom360b_local_pose_graph_kstep/test/pg_k3/ridge_to_lake/pred_tum.txt
ODOM360B,126,-1.5193342,-5.444564203,-60.029766873,external_baselines/results/odom360b_local_pose_graph_kstep/test/pg_k3/ridge_to_lake/pred_tum.txt
ODOM360B,127,-1.732996039,-5.266855128,-60.708859678,external_baselines/results/odom360b_local_pose_graph_kstep/test/pg_k3/ridge_to_lake/pred_tum.txt
ODOM360B,128,-2.040555804,-5.227186007,-61.375154257,external_baselines/results/odom360b_local_pose_graph_kstep/test/pg_k3/ridge_to_lake/pred_tum.txt
ODOM360B,129,-2.17219449,-5.275755756,-62.0910426,external_baselines/results/odom360b_local_pose_graph_kstep/test/pg_k3/ridge_to_lake/pred_tum.txt
ODOM360B,130,-2.202704913,-5.143742425,-62.807923401,external_baselines/results/odom360b_local_pose_graph_kstep/test/pg_k3/ridge_to_lake/pred_tum.txt
ODOM360B,131,-2.335224686,-5.013014807,-63.516514133,external_baselines/results/odom360b_local_pose_graph_kstep/test/pg_k3/ridge_to_lake/pred_tum.txt
ODOM360B,132,-2.632081461,-5.036107067,-64.195201998,external_baselines/results/odom360b_local_pose_graph_kstep/test/pg_k3/ridge_to_lake/pred_tum.txt
ODOM360B,133,-2.882093698,-4.969180023,-64.894103224,external_baselines/results/odom360b_local_pose_graph_kstep/test/pg_k3/ridge_to_lake/pred_tum.txt
ODOM360B,134,-2.982468205,-4.829261923,-65.623438096,external_baselines/results/odom360b_local_pose_graph_kstep/test/pg_k3/ridge_to_lake/pred_tum.txt
ODOM360B,135,-3.176375931,-4.803563835,-66.349273427,external_baselines/results/odom360b_local_pose_graph_kstep/test/pg_k3/ridge_to_lake/pred_tum.txt
ODOM360B,136,-3.59134982,-4.757832384,-66.982566756,external_baselines/results/odom360b_local_pose_graph_kstep/test/pg_k3/ridge_to_lake/pred_tum.txt
ODOM360B,137,-3.897157169,-4.610005955,-67.658611933,external_baselines/results/odom360b_local_pose_graph_kstep/test/pg_k3/ridge_to_lake/pred_tum.txt
ODOM360B,138,-4.004936813,-4.493496562,-68.395201099,external_baselines/results/odom360b_local_pose_graph_kstep/test/pg_k3/ridge_to_lake/pred_tum.txt
ODOM360B,139,-4.19731158,-4.488468317,-69.12397432,external_baselines/results/odom360b_local_pose_graph_kstep/test/pg_k3/ridge_to_lake/pred_tum.txt
ODOM360B,140,-4.559847361,-4.493909976,-69.790310177,external_baselines/results/odom360b_local_pose_graph_kstep/test/pg_k3/ridge_to_lake/pred_tum.txt
ODOM360B,141,-4.833989092,-4.385161411,-70.494513351,external_baselines/results/odom360b_local_pose_graph_kstep/test/pg_k3/ridge_to_lake/pred_tum.txt
ODOM360B,142,-5.101793037,-4.197830912,-71.187616192,external_baselines/results/odom360b_local_pose_graph_kstep/test/pg_k3/ridge_to_lake/pred_tum.txt
ODOM360B,143,-5.540285908,-4.056791338,-71.800486033,external_baselines/results/odom360b_local_pose_graph_kstep/test/pg_k3/ridge_to_lake/pred_tum.txt
ODOM360B,144,-5.894573225,-4.01624724,-72.474602626,external_baselines/results/odom360b_local_pose_graph_kstep/test/pg_k3/ridge_to_lake/pred_tum.txt
ODOM360B,145,-6.148731615,-3.946013688,-73.18589499,external_baselines/results/odom360b_local_pose_graph_kstep/test/pg_k3/ridge_to_lake/pred_tum.txt
ODOM360B,146,-6.471536246,-3.766427949,-73.846610751,external_baselines/results/odom360b_local_pose_graph_kstep/test/pg_k3/ridge_to_lake/pred_tum.txt
ODOM360B,147,-6.717809731,-3.663044825,-74.552232624,external_baselines/results/odom360b_local_pose_graph_kstep/test/pg_k3/ridge_to_lake/pred_tum.txt
ODOM360B,148,-6.907730525,-3.653354544,-75.282208189,external_baselines/results/odom360b_local_pose_graph_kstep/test/pg_k3/ridge_to_lake/pred_tum.txt
ODOM360B,149,-7.27012796,-3.570003022,-75.942918623,external_baselines/results/odom360b_local_pose_graph_kstep/test/pg_k3/ridge_to_lake/pred_tum.txt
ODOM360B,150,-7.738273525,-3.410830179,-76.521176174,external_baselines/results/odom360b_local_pose_graph_kstep/test/pg_k3/ridge_to_lake/pred_tum.txt
ODOM360B,151,-8.120940984,-3.283018704,-77.165487971,external_baselines/results/odom360b_local_pose_graph_kstep/test/pg_k3/ridge_to_lake/pred_tum.txt
ODOM360B,152,-8.29562066,-3.235519347,-77.900991041,external_baselines/results/odom360b_local_pose_graph_kstep/test/pg_k3/ridge_to_lake/pred_tum.txt
ODOM360B,153,-8.587393432,-3.176372361,-78.599041647,external_baselines/results/odom360b_local_pose_graph_kstep/test/pg_k3/ridge_to_lake/pred_tum.txt
ODOM360B,154,-9.07557223,-3.063546606,-79.173807944,external_baselines/results/odom360b_local_pose_graph_kstep/test/pg_k3/ridge_to_lake/pred_tum.txt
ODOM360B,155,-9.408698139,-2.961384886,-79.853778758,external_baselines/results/odom360b_local_pose_graph_kstep/test/pg_k3/ridge_to_lake/pred_tum.txt
ODOM360B,156,-9.749024707,-2.844721148,-80.537367236,external_baselines/results/odom360b_local_pose_graph_kstep/test/pg_k3/ridge_to_lake/pred_tum.txt
ODOM360B,157,-10.324517675,-2.712069053,-81.040781567,external_baselines/results/odom360b_local_pose_graph_kstep/test/pg_k3/ridge_to_lake/pred_tum.txt
ODOM360B,158,-10.927539465,-2.573131563,-81.514870244,external_baselines/results/odom360b_local_pose_graph_kstep/test/pg_k3/ridge_to_lake/pred_tum.txt
ODOM360B,159,-11.373226491,-2.440266273,-82.136317475,external_baselines/results/odom360b_local_pose_graph_kstep/test/pg_k3/ridge_to_lake/pred_tum.txt
ODOM360B,160,-11.749581849,-2.365325912,-82.808190467,external_baselines/results/odom360b_local_pose_graph_kstep/test/pg_k3/ridge_to_lake/pred_tum.txt
ODOM360B,161,-12.234273089,-2.336390533,-83.409172066,external_baselines/results/odom360b_local_pose_graph_kstep/test/pg_k3/ridge_to_lake/pred_tum.txt
ODOM360B,162,-12.710870906,-2.254547407,-84.012964852,external_baselines/results/odom360b_local_pose_graph_kstep/test/pg_k3/ridge_to_lake/pred_tum.txt
ODOM360B,163,-13.046616709,-2.179637693,-84.71233505,external_baselines/results/odom360b_local_pose_graph_kstep/test/pg_k3/ridge_to_lake/pred_tum.txt
ODOM360B,164,-13.395025544,-2.201986262,-85.411995529,external_baselines/results/odom360b_local_pose_graph_kstep/test/pg_k3/ridge_to_lake/pred_tum.txt
ODOM360B,165,-13.807069027,-2.253437628,-86.068609655,external_baselines/results/odom360b_local_pose_graph_kstep/test/pg_k3/ridge_to_lake/pred_tum.txt
ODOM360B,166,-14.224317367,-2.183376655,-86.715426339,external_baselines/results/odom360b_local_pose_graph_kstep/test/pg_k3/ridge_to_lake/pred_tum.txt
ODOM360B,167,-14.745544112,-2.103687651,-87.268083963,external_baselines/results/odom360b_local_pose_graph_kstep/test/pg_k3/ridge_to_lake/pred_tum.txt
ODOM360B,168,-15.333531512,-2.163874917,-87.737422492,external_baselines/results/odom360b_local_pose_graph_kstep/test/pg_k3/ridge_to_lake/pred_tum.txt
ODOM360B,169,-15.793688239,-2.227590832,-88.322673497,external_baselines/results/odom360b_local_pose_graph_kstep/test/pg_k3/ridge_to_lake/pred_tum.txt
ODOM360B,170,-16.248247387,-2.174293885,-88.902707566,external_baselines/results/odom360b_local_pose_graph_kstep/test/pg_k3/ridge_to_lake/pred_tum.txt
ODOM360B,171,-16.883555361,-2.116273901,-89.26496878,external_baselines/results/odom360b_local_pose_graph_kstep/test/pg_k3/ridge_to_lake/pred_tum.txt
ODOM360B,172,-17.473307983,-2.237426446,-89.679351866,external_baselines/results/odom360b_local_pose_graph_kstep/test/pg_k3/ridge_to_lake/pred_tum.txt
ODOM360B,173,-17.968112286,-2.335431047,-90.208421932,external_baselines/results/odom360b_local_pose_graph_kstep/test/pg_k3/ridge_to_lake/pred_tum.txt
ODOM360B,174,-18.56121875,-2.312071332,-90.634721159,external_baselines/results/odom360b_local_pose_graph_kstep/test/pg_k3/ridge_to_lake/pred_tum.txt
ODOM360B,175,-19.162365071,-2.352713267,-91.048206433,external_baselines/results/odom360b_local_pose_graph_kstep/test/pg_k3/ridge_to_lake/pred_tum.txt
ODOM360B,176,-19.490721259,-2.472054851,-91.688389207,external_baselines/results/odom360b_local_pose_graph_kstep/test/pg_k3/ridge_to_lake/pred_tum.txt
ODOM360B,177,-19.841381816,-2.521348354,-92.326465502,external_baselines/results/odom360b_local_pose_graph_kstep/test/pg_k3/ridge_to_lake/pred_tum.txt
ODOM360B,178,-20.419809876,-2.527173413,-92.774078664,external_baselines/results/odom360b_local_pose_graph_kstep/test/pg_k3/ridge_to_lake/pred_tum.txt
ODOM360B,179,-20.987157248,-2.701092971,-93.189485708,external_baselines/results/odom360b_local_pose_graph_kstep/test/pg_k3/ridge_to_lake/pred_tum.txt
ODOM360B,180,-21.314530833,-2.866429001,-93.805965511,external_baselines/results/odom360b_local_pose_graph_kstep/test/pg_k3/ridge_to_lake/pred_tum.txt
ODOM360B,181,-21.730606938,-2.804404209,-94.404094837,external_baselines/results/odom360b_local_pose_graph_kstep/test/pg_k3/ridge_to_lake/pred_tum.txt
ODOM360B,182,-22.356688535,-2.821243743,-94.798691937,external_baselines/results/odom360b_local_pose_graph_kstep/test/pg_k3/ridge_to_lake/pred_tum.txt
ODOM360B,183,-22.785138764,-2.992493461,-95.37737139,external_baselines/results/odom360b_local_pose_graph_kstep/test/pg_k3/ridge_to_lake/pred_tum.txt
ODOM360B,184,-23.089329619,-3.148055845,-96.027964142,external_baselines/results/odom360b_local_pose_graph_kstep/test/pg_k3/ridge_to_lake/pred_tum.txt
ODOM360B,185,-23.700211899,-3.224614445,-96.418764154,external_baselines/results/odom360b_local_pose_graph_kstep/test/pg_k3/ridge_to_lake/pred_tum.txt
ODOM360B,186,-24.282914466,-3.334525536,-96.854157782,external_baselines/results/odom360b_local_pose_graph_kstep/test/pg_k3/ridge_to_lake/pred_tum.txt
ODOM360B,187,-24.671095164,-3.572481104,-97.43607939,external_baselines/results/odom360b_local_pose_graph_kstep/test/pg_k3/ridge_to_lake/pred_tum.txt
ODOM360B,188,-24.906835528,-3.767751659,-98.111913183,external_baselines/results/odom360b_local_pose_graph_kstep/test/pg_k3/ridge_to_lake/pred_tum.txt
ODOM360B,189,-25.22551251,-3.860063253,-98.769511086,external_baselines/results/odom360b_local_pose_graph_kstep/test/pg_k3/ridge_to_lake/pred_tum.txt
ODOM360B,190,-25.658602898,-3.977285683,-99.343759736,external_baselines/results/odom360b_local_pose_graph_kstep/test/pg_k3/ridge_to_lake/pred_tum.txt
ODOM360B,191,-26.072795352,-4.278152423,-99.861398706,external_baselines/results/odom360b_local_pose_graph_kstep/test/pg_k3/ridge_to_lake/pred_tum.txt
ODOM360B,192,-26.471466363,-4.525185271,-100.416152877,external_baselines/results/odom360b_local_pose_graph_kstep/test/pg_k3/ridge_to_lake/pred_tum.txt
ODOM360B,193,-26.941503902,-4.562698899,-100.979617944,external_baselines/results/odom360b_local_pose_graph_kstep/test/pg_k3/ridge_to_lake/pred_tum.txt
ODOM360B,194,-27.226163245,-4.687028068,-101.649801905,external_baselines/results/odom360b_local_pose_graph_kstep/test/pg_k3/ridge_to_lake/pred_tum.txt
ODOM360B,195,-27.494578059,-4.980774089,-102.259969045,external_baselines/results/odom360b_local_pose_graph_kstep/test/pg_k3/ridge_to_lake/pred_tum.txt
ODOM360B,196,-27.984958299,-5.145808805,-102.756544501,external_baselines/results/odom360b_local_pose_graph_kstep/test/pg_k3/ridge_to_lake/pred_tum.txt
ODOM360B,197,-28.457990855,-5.375291942,-103.230166121,external_baselines/results/odom360b_local_pose_graph_kstep/test/pg_k3/ridge_to_lake/pred_tum.txt
ODOM360B,198,-28.671267619,-5.802943805,-103.73952566,external_baselines/results/odom360b_local_pose_graph_kstep/test/pg_k3/ridge_to_lake/pred_tum.txt
ODOM360B,199,-28.896878993,-6.069875362,-104.33835386,external_baselines/results/odom360b_local_pose_graph_kstep/test/pg_k3/ridge_to_lake/pred_tum.txt
ODOM360B,200,-29.266784152,-6.328435697,-104.858330677,external_baselines/results/odom360b_local_pose_graph_kstep/test/pg_k3/ridge_to_lake/pred_tum.txt
ODOM360B,201,-29.422703569,-6.775881162,-105.346813664,external_baselines/results/odom360b_local_pose_graph_kstep/test/pg_k3/ridge_to_lake/pred_tum.txt
ODOM360B,202,-29.441490653,-7.124887184,-105.936186163,external_baselines/results/odom360b_local_pose_graph_kstep/test/pg_k3/ridge_to_lake/pred_tum.txt
ODOM360B,203,-29.704226281,-7.299763838,-106.539840867,external_baselines/results/odom360b_local_pose_graph_kstep/test/pg_k3/ridge_to_lake/pred_tum.txt
ODOM360B,204,-30.03070235,-7.616318612,-107.043177641,external_baselines/results/odom360b_local_pose_graph_kstep/test/pg_k3/ridge_to_lake/pred_tum.txt
ODOM360B,205,-30.082059575,-8.051994504,-107.55460718,external_baselines/results/odom360b_local_pose_graph_kstep/test/pg_k3/ridge_to_lake/pred_tum.txt
ODOM360B,206,-30.188123504,-8.366665193,-108.138368435,external_baselines/results/odom360b_local_pose_graph_kstep/test/pg_k3/ridge_to_lake/pred_tum.txt
ODOM360B,207,-30.526823553,-8.633368837,-108.656928806,external_baselines/results/odom360b_local_pose_graph_kstep/test/pg_k3/ridge_to_lake/pred_tum.txt
ODOM360B,208,-30.592786137,-8.99619278,-109.225727404,external_baselines/results/odom360b_local_pose_graph_kstep/test/pg_k3/ridge_to_lake/pred_tum.txt
ODOM360B,209,-30.822512648,-9.257711061,-109.812362977,external_baselines/results/odom360b_local_pose_graph_kstep/test/pg_k3/ridge_to_lake/pred_tum.txt
ODOM360B,210,-31.175008161,-9.592168775,-110.293411288,external_baselines/results/odom360b_local_pose_graph_kstep/test/pg_k3/ridge_to_lake/pred_tum.txt
ODOM360B,211,-31.200842483,-10.064882248,-110.782154975,external_baselines/results/odom360b_local_pose_graph_kstep/test/pg_k3/ridge_to_lake/pred_tum.txt
ODOM360B,212,-31.19183943,-10.368833883,-111.387624542,external_baselines/results/odom360b_local_pose_graph_kstep/test/pg_k3/ridge_to_lake/pred_tum.txt
ODOM360B,213,-31.465819366,-10.695447309,-111.913363237,external_baselines/results/odom360b_local_pose_graph_kstep/test/pg_k3/ridge_to_lake/pred_tum.txt
ODOM360B,214,-31.63427329,-11.178627171,-112.356724163,external_baselines/results/odom360b_local_pose_graph_kstep/test/pg_k3/ridge_to_lake/pred_tum.txt
ODOM360B,215,-31.606698277,-11.508773416,-112.945910405,external_baselines/results/odom360b_local_pose_graph_kstep/test/pg_k3/ridge_to_lake/pred_tum.txt
ODOM360B,216,-31.772885136,-11.70432931,-113.574043449,external_baselines/results/odom360b_local_pose_graph_kstep/test/pg_k3/ridge_to_lake/pred_tum.txt
ODOM360B,217,-32.031269116,-12.15520223,-114.011183549,external_baselines/results/odom360b_local_pose_graph_kstep/test/pg_k3/ridge_to_lake/pred_tum.txt
ODOM360B,218,-32.055449759,-12.634750329,-114.478600013,external_baselines/results/odom360b_local_pose_graph_kstep/test/pg_k3/ridge_to_lake/pred_tum.txt
ODOM360B,219,-32.154793048,-12.836939883,-115.118882669,external_baselines/results/odom360b_local_pose_graph_kstep/test/pg_k3/ridge_to_lake/pred_tum.txt
ODOM360B,220,-32.452555551,-13.154054216,-115.629484851,external_baselines/results/odom360b_local_pose_graph_kstep/test/pg_k3/ridge_to_lake/pred_tum.txt
ODOM360B,221,-32.536162486,-13.625585746,-116.099629128,external_baselines/results/odom360b_local_pose_graph_kstep/test/pg_k3/ridge_to_lake/pred_tum.txt
ODOM360B,222,-32.568505592,-13.914016286,-116.69719656,external_baselines/results/odom360b_local_pose_graph_kstep/test/pg_k3/ridge_to_lake/pred_tum.txt
ODOM360B,223,-32.871230122,-14.241457606,-117.184572299,external_baselines/results/odom360b_local_pose_graph_kstep/test/pg_k3/ridge_to_lake/pred_tum.txt
ODOM360B,224,-33.2010517,-14.677394646,-117.571964465,external_baselines/results/odom360b_local_pose_graph_kstep/test/pg_k3/ridge_to_lake/pred_tum.txt
ODOM360B,225,-33.372731915,-15.114884275,-118.057969909,external_baselines/results/odom360b_local_pose_graph_kstep/test/pg_k3/ridge_to_lake/pred_tum.txt
ODOM360B,226,-33.401647449,-15.350970635,-118.696686259,external_baselines/results/odom360b_local_pose_graph_kstep/test/pg_k3/ridge_to_lake/pred_tum.txt
ODOM360B,227,-33.576380035,-15.509540216,-119.346091769,external_baselines/results/odom360b_local_pose_graph_kstep/test/pg_k3/ridge_to_lake/pred_tum.txt
ODOM360B,228,-33.90313021,-15.800608689,-119.857634521,external_baselines/results/odom360b_local_pose_graph_kstep/test/pg_k3/ridge_to_lake/pred_tum.txt
ODOM360B,229,-33.945065572,-16.222642194,-120.374178239,external_baselines/results/odom360b_local_pose_graph_kstep/test/pg_k3/ridge_to_lake/pred_tum.txt
ODOM360B,230,-34.160647371,-16.6594027,-120.828370166,external_baselines/results/odom360b_local_pose_graph_kstep/test/pg_k3/ridge_to_lake/pred_tum.txt
ODOM360B,231,-34.464316749,-16.752001842,-121.434002981,external_baselines/results/odom360b_local_pose_graph_kstep/test/pg_k3/ridge_to_lake/pred_tum.txt
ODOM360B,232,-34.764516265,-16.882806853,-122.0309854,external_baselines/results/odom360b_local_pose_graph_kstep/test/pg_k3/ridge_to_lake/pred_tum.txt
ODOM360B,233,-34.927075343,-17.263141747,-122.541187937,external_baselines/results/odom360b_local_pose_graph_kstep/test/pg_k3/ridge_to_lake/pred_tum.txt
ODOM360B,234,-34.895025331,-17.512557239,-123.166695364,external_baselines/results/odom360b_local_pose_graph_kstep/test/pg_k3/ridge_to_lake/pred_tum.txt
ODOM360B,235,-35.294867752,-17.578709003,-123.697621171,external_baselines/results/odom360b_local_pose_graph_kstep/test/pg_k3/ridge_to_lake/pred_tum.txt
ODOM360B,236,-35.713540518,-17.763476299,-124.192778514,external_baselines/results/odom360b_local_pose_graph_kstep/test/pg_k3/ridge_to_lake/pred_tum.txt
ODOM360B,237,-35.776426842,-18.13069041,-124.766912907,external_baselines/results/odom360b_local_pose_graph_kstep/test/pg_k3/ridge_to_lake/pred_tum.txt
ODOM360B,238,-35.770576508,-18.316440326,-125.432401131,external_baselines/results/odom360b_local_pose_graph_kstep/test/pg_k3/ridge_to_lake/pred_tum.txt
ODOM360B,239,-35.837467238,-18.458326001,-126.093296983,external_baselines/results/odom360b_local_pose_graph_kstep/test/pg_k3/ridge_to_lake/pred_tum.txt
ODOM360B,240,-36.165260197,-18.709665217,-126.639379835,external_baselines/results/odom360b_local_pose_graph_kstep/test/pg_k3/ridge_to_lake/pred_tum.txt
ODOM360B,241,-36.594804425,-18.99217198,-127.110941572,external_baselines/results/odom360b_local_pose_graph_kstep/test/pg_k3/ridge_to_lake/pred_tum.txt
ODOM360B,242,-36.773397465,-19.269466458,-127.737060548,external_baselines/results/odom360b_local_pose_graph_kstep/test/pg_k3/ridge_to_lake/pred_tum.txt
ODOM360B,243,-36.767843666,-19.45478074,-128.427047364,external_baselines/results/odom360b_local_pose_graph_kstep/test/pg_k3/ridge_to_lake/pred_tum.txt
ODOM360B,244,-36.840642732,-19.592443548,-129.127446,external_baselines/results/odom360b_local_pose_graph_kstep/test/pg_k3/ridge_to_lake/pred_tum.txt
ODOM360B,245,-36.93037521,-19.849104632,-129.789782079,external_baselines/results/odom360b_local_pose_graph_kstep/test/pg_k3/ridge_to_lake/pred_tum.txt
ODOM360B,246,-37.007549136,-20.137544673,-130.45433526,external_baselines/results/odom360b_local_pose_graph_kstep/test/pg_k3/ridge_to_lake/pred_tum.txt
ODOM360B,247,-37.193993892,-20.325290216,-131.123088194,external_baselines/results/odom360b_local_pose_graph_kstep/test/pg_k3/ridge_to_lake/pred_tum.txt
ODOM360B,248,-37.681885945,-20.38899886,-131.640096399,external_baselines/results/odom360b_local_pose_graph_kstep/test/pg_k3/ridge_to_lake/pred_tum.txt
ODOM360B,249,-38.29325195,-20.475554776,-132.023171229,external_baselines/results/odom360b_local_pose_graph_kstep/test/pg_k3/ridge_to_lake/pred_tum.txt
ODOM360B,250,-38.669525486,-20.670666648,-132.605093412,external_baselines/results/odom360b_local_pose_graph_kstep/test/pg_k3/ridge_to_lake/pred_tum.txt
ODOM360B,251,-38.7885867,-20.852123651,-133.286420719,external_baselines/results/odom360b_local_pose_graph_kstep/test/pg_k3/ridge_to_lake/pred_tum.txt
ODOM360B,252,-38.8206138,-21.050606869,-133.962774871,external_baselines/results/odom360b_local_pose_graph_kstep/test/pg_k3/ridge_to_lake/pred_tum.txt
ODOM360B,253,-38.834519026,-21.298717073,-134.620329879,external_baselines/results/odom360b_local_pose_graph_kstep/test/pg_k3/ridge_to_lake/pred_tum.txt
ODOM360B,254,-39.211445249,-21.490011182,-135.184366385,external_baselines/results/odom360b_local_pose_graph_kstep/test/pg_k3/ridge_to_lake/pred_tum.txt
ODOM360B,255,-39.799335449,-21.542437121,-135.58566687,external_baselines/results/odom360b_local_pose_graph_kstep/test/pg_k3/ridge_to_lake/pred_tum.txt
ODOM360B,256,-40.435723692,-21.49187083,-135.940470865,external_baselines/results/odom360b_local_pose_graph_kstep/test/pg_k3/ridge_to_lake/pred_tum.txt
ODOM360B,257,-41.173077319,-21.438902906,-135.951928868,external_baselines/results/odom360b_local_pose_graph_kstep/test/pg_k3/ridge_to_lake/pred_tum.txt
ODOM360B,258,-41.687405226,-21.532399975,-136.426000798,external_baselines/results/odom360b_local_pose_graph_kstep/test/pg_k3/ridge_to_lake/pred_tum.txt
ODOM360B,259,-41.888752152,-21.652788413,-137.101909255,external_baselines/results/odom360b_local_pose_graph_kstep/test/pg_k3/ridge_to_lake/pred_tum.txt
ODOM360B,260,-42.210456459,-21.817080116,-137.710308385,external_baselines/results/odom360b_local_pose_graph_kstep/test/pg_k3/ridge_to_lake/pred_tum.txt
ODOM360B,261,-42.513028977,-22.102087081,-138.2595051,external_baselines/results/odom360b_local_pose_graph_kstep/test/pg_k3/ridge_to_lake/pred_tum.txt
ODOM360B,262,-42.64108463,-22.388243462,-138.872761973,external_baselines/results/odom360b_local_pose_graph_kstep/test/pg_k3/ridge_to_lake/pred_tum.txt
ODOM360B,263,-42.784901694,-22.527097201,-139.532150392,external_baselines/results/odom360b_local_pose_graph_kstep/test/pg_k3/ridge_to_lake/pred_tum.txt
ODOM360B,264,-43.104991347,-22.611390969,-140.130642342,external_baselines/results/odom360b_local_pose_graph_kstep/test/pg_k3/ridge_to_lake/pred_tum.txt
ODOM360B,265,-43.616087104,-22.886687587,-140.491242494,external_baselines/results/odom360b_local_pose_graph_kstep/test/pg_k3/ridge_to_lake/pred_tum.txt
ODOM360B,266,-44.041473793,-23.208868714,-140.912720612,external_baselines/results/odom360b_local_pose_graph_kstep/test/pg_k3/ridge_to_lake/pred_tum.txt
ODOM360B,267,-44.375955814,-23.284094552,-141.503104243,external_baselines/results/odom360b_local_pose_graph_kstep/test/pg_k3/ridge_to_lake/pred_tum.txt
ODOM360B,268,-44.851611264,-23.312425419,-142.000693599,external_baselines/results/odom360b_local_pose_graph_kstep/test/pg_k3/ridge_to_lake/pred_tum.txt
ODOM360B,269,-45.362299872,-23.558094132,-142.392354184,external_baselines/results/odom360b_local_pose_graph_kstep/test/pg_k3/ridge_to_lake/pred_tum.txt
ODOM360B,270,-45.7052267,-23.81544299,-142.936641739,external_baselines/results/odom360b_local_pose_graph_kstep/test/pg_k3/ridge_to_lake/pred_tum.txt
ODOM360B,271,-45.980090088,-23.943879415,-143.558428534,external_baselines/results/odom360b_local_pose_graph_kstep/test/pg_k3/ridge_to_lake/pred_tum.txt
ODOM360B,272,-45.932354138,-24.10293993,-144.225669323,external_baselines/results/odom360b_local_pose_graph_kstep/test/pg_k3/ridge_to_lake/pred_tum.txt
ODOM360B,273,-45.936699434,-24.24480128,-144.940296441,external_baselines/results/odom360b_local_pose_graph_kstep/test/pg_k3/ridge_to_lake/pred_tum.txt
ODOM360B,274,-46.427652443,-24.400144398,-145.396362482,external_baselines/results/odom360b_local_pose_graph_kstep/test/pg_k3/ridge_to_lake/pred_tum.txt
ODOM360B,275,-46.836174444,-24.699025091,-145.843093607,external_baselines/results/odom360b_local_pose_graph_kstep/test/pg_k3/ridge_to_lake/pred_tum.txt
ODOM360B,276,-47.056232013,-24.883073027,-146.440829785,external_baselines/results/odom360b_local_pose_graph_kstep/test/pg_k3/ridge_to_lake/pred_tum.txt
ODOM360B,277,-47.213970401,-25.045643552,-147.05389509,external_baselines/results/odom360b_local_pose_graph_kstep/test/pg_k3/ridge_to_lake/pred_tum.txt
ODOM360B,278,-47.545503974,-25.354213715,-147.515161652,external_baselines/results/odom360b_local_pose_graph_kstep/test/pg_k3/ridge_to_lake/pred_tum.txt
ODOM360B,279,-47.952116606,-25.509518349,-147.987434839,external_baselines/results/odom360b_local_pose_graph_kstep/test/pg_k3/ridge_to_lake/pred_tum.txt
ODOM360B,280,-48.142438197,-25.863451723,-148.484384911,external_baselines/results/odom360b_local_pose_graph_kstep/test/pg_k3/ridge_to_lake/pred_tum.txt
ODOM360B,281,-48.145328363,-26.082016992,-149.089130758,external_baselines/results/odom360b_local_pose_graph_kstep/test/pg_k3/ridge_to_lake/pred_tum.txt
ODOM360B,282,-48.430356584,-26.180454596,-149.657400208,external_baselines/results/odom360b_local_pose_graph_kstep/test/pg_k3/ridge_to_lake/pred_tum.txt
ODOM360B,283,-48.772697204,-26.50219238,-150.096621834,external_baselines/results/odom360b_local_pose_graph_kstep/test/pg_k3/ridge_to_lake/pred_tum.txt
ODOM360B,284,-48.86801703,-26.741827817,-150.684260134,external_baselines/results/odom360b_local_pose_graph_kstep/test/pg_k3/ridge_to_lake/pred_tum.txt
ODOM360B,285,-49.010671231,-26.864462303,-151.294749463,external_baselines/results/odom360b_local_pose_graph_kstep/test/pg_k3/ridge_to_lake/pred_tum.txt
ODOM360B,286,-49.387713603,-27.204499041,-151.679966137,external_baselines/results/odom360b_local_pose_graph_kstep/test/pg_k3/ridge_to_lake/pred_tum.txt
ODOM360B,287,-49.781615053,-27.482601783,-152.105365203,external_baselines/results/odom360b_local_pose_graph_kstep/test/pg_k3/ridge_to_lake/pred_tum.txt
ODOM360B,288,-49.962175506,-27.595824585,-152.719303262,external_baselines/results/odom360b_local_pose_graph_kstep/test/pg_k3/ridge_to_lake/pred_tum.txt
ODOM360B,289,-50.110484881,-27.859363348,-153.302515562,external_baselines/results/odom360b_local_pose_graph_kstep/test/pg_k3/ridge_to_lake/pred_tum.txt
ODOM360B,290,-50.50133122,-28.181622357,-153.722995777,external_baselines/results/odom360b_local_pose_graph_kstep/test/pg_k3/ridge_to_lake/pred_tum.txt
ODOM360B,291,-50.933111316,-28.298886074,-154.217405762,external_baselines/results/odom360b_local_pose_graph_kstep/test/pg_k3/ridge_to_lake/pred_tum.txt
ODOM360B,292,-51.112274108,-28.442542837,-154.846498157,external_baselines/results/odom360b_local_pose_graph_kstep/test/pg_k3/ridge_to_lake/pred_tum.txt
ODOM360B,293,-51.343916755,-28.667811021,-155.439852156,external_baselines/results/odom360b_local_pose_graph_kstep/test/pg_k3/ridge_to_lake/pred_tum.txt
ODOM360B,294,-51.908633427,-28.783331021,-155.791353747,external_baselines/results/odom360b_local_pose_graph_kstep/test/pg_k3/ridge_to_lake/pred_tum.txt
ODOM360B,295,-52.458461721,-28.809684165,-156.181245211,external_baselines/results/odom360b_local_pose_graph_kstep/test/pg_k3/ridge_to_lake/pred_tum.txt
ODOM360B,296,-52.983574198,-28.986537411,-156.554478374,external_baselines/results/odom360b_local_pose_graph_kstep/test/pg_k3/ridge_to_lake/pred_tum.txt
ODOM360B,297,-53.288057931,-29.302198857,-157.049915595,external_baselines/results/odom360b_local_pose_graph_kstep/test/pg_k3/ridge_to_lake/pred_tum.txt
ODOM360B,298,-53.560182596,-29.478626847,-157.619726125,external_baselines/results/odom360b_local_pose_graph_kstep/test/pg_k3/ridge_to_lake/pred_tum.txt
ODOM360B,299,-54.057488657,-29.507699074,-158.045514765,external_baselines/results/odom360b_local_pose_graph_kstep/test/pg_k3/ridge_to_lake/pred_tum.txt
ODOM360B,300,-54.597314233,-29.674197181,-158.37276997,external_baselines/results/odom360b_local_pose_graph_kstep/test/pg_k3/ridge_to_lake/pred_tum.txt
ODOM360B,301,-54.814824068,-30.013306493,-158.889093629,external_baselines/results/odom360b_local_pose_graph_kstep/test/pg_k3/ridge_to_lake/pred_tum.txt
ODOM360B,302,-55.140647895,-30.256850834,-159.400461152,external_baselines/results/odom360b_local_pose_graph_kstep/test/pg_k3/ridge_to_lake/pred_tum.txt
ODOM360B,303,-55.703576899,-30.340479613,-159.71826244,external_baselines/results/odom360b_local_pose_graph_kstep/test/pg_k3/ridge_to_lake/pred_tum.txt
ODOM360B,304,-56.08942463,-30.569434451,-160.180602914,external_baselines/results/odom360b_local_pose_graph_kstep/test/pg_k3/ridge_to_lake/pred_tum.txt
ODOM360B,305,-56.499661853,-30.938523061,-160.490768643,external_baselines/results/odom360b_local_pose_graph_kstep/test/pg_k3/ridge_to_lake/pred_tum.txt
ODOM360B,306,-56.895537812,-31.05103555,-160.964180555,external_baselines/results/odom360b_local_pose_graph_kstep/test/pg_k3/ridge_to_lake/pred_tum.txt
ODOM360B,307,-57.07419303,-31.288972901,-161.511956835,external_baselines/results/odom360b_local_pose_graph_kstep/test/pg_k3/ridge_to_lake/pred_tum.txt
ODOM360B,308,-57.495628452,-31.621830968,-161.818299106,external_baselines/results/odom360b_local_pose_graph_kstep/test/pg_k3/ridge_to_lake/pred_tum.txt
ODOM360B,309,-58.001935445,-31.8059218,-162.129133239,external_baselines/results/odom360b_local_pose_graph_kstep/test/pg_k3/ridge_to_lake/pred_tum.txt
ODOM360B,310,-58.182059762,-32.053460239,-162.66280444,external_baselines/results/odom360b_local_pose_graph_kstep/test/pg_k3/ridge_to_lake/pred_tum.txt
ODOM360B,311,-58.282415728,-32.234832955,-163.245520428,external_baselines/results/odom360b_local_pose_graph_kstep/test/pg_k3/ridge_to_lake/pred_tum.txt
ODOM360B,312,-58.561918299,-32.339544369,-163.783084477,external_baselines/results/odom360b_local_pose_graph_kstep/test/pg_k3/ridge_to_lake/pred_tum.txt
ODOM360B,313,-58.94885067,-32.661355118,-164.121151433,external_baselines/results/odom360b_local_pose_graph_kstep/test/pg_k3/ridge_to_lake/pred_tum.txt
ODOM360B,314,-59.19552845,-33.040113496,-164.522290096,external_baselines/results/odom360b_local_pose_graph_kstep/test/pg_k3/ridge_to_lake/pred_tum.txt
ODOM360B,315,-59.589643405,-33.136634345,-164.967315886,external_baselines/results/odom360b_local_pose_graph_kstep/test/pg_k3/ridge_to_lake/pred_tum.txt
ODOM360B,316,-59.764238447,-33.245899534,-165.533536023,external_baselines/results/odom360b_local_pose_graph_kstep/test/pg_k3/ridge_to_lake/pred_tum.txt
ODOM360B,317,-59.909600265,-33.595460449,-166.000605943,external_baselines/results/odom360b_local_pose_graph_kstep/test/pg_k3/ridge_to_lake/pred_tum.txt
ODOM360B,318,-60.295150699,-33.928441816,-166.31376153,external_baselines/results/odom360b_local_pose_graph_kstep/test/pg_k3/ridge_to_lake/pred_tum.txt
ODOM360B,319,-60.63466927,-34.075337053,-166.779644348,external_baselines/results/odom360b_local_pose_graph_kstep/test/pg_k3/ridge_to_lake/pred_tum.txt
ODOM360B,320,-60.721574461,-34.260059292,-167.334653078,external_baselines/results/odom360b_local_pose_graph_kstep/test/pg_k3/ridge_to_lake/pred_tum.txt
ODOM360B,321,-61.043958666,-34.493886048,-167.764494072,external_baselines/results/odom360b_local_pose_graph_kstep/test/pg_k3/ridge_to_lake/pred_tum.txt
ODOM360B,322,-61.400970963,-34.832833691,-168.080562141,external_baselines/results/odom360b_local_pose_graph_kstep/test/pg_k3/ridge_to_lake/pred_tum.txt
ODOM360B,323,-61.611976529,-34.977680811,-168.609327999,external_baselines/results/odom360b_local_pose_graph_kstep/test/pg_k3/ridge_to_lake/pred_tum.txt
ODOM360B,324,-61.827700536,-35.329773548,-169.036266285,external_baselines/results/odom360b_local_pose_graph_kstep/test/pg_k3/ridge_to_lake/pred_tum.txt
ODOM360B,325,-62.142846251,-35.435102307,-169.544537698,external_baselines/results/odom360b_local_pose_graph_kstep/test/pg_k3/ridge_to_lake/pred_tum.txt
ODOM360B,326,-62.515151621,-35.714675087,-169.933665654,external_baselines/results/odom360b_local_pose_graph_kstep/test/pg_k3/ridge_to_lake/pred_tum.txt
ODOM360B,327,-62.973716165,-36.044724218,-170.154137555,external_baselines/results/odom360b_local_pose_graph_kstep/test/pg_k3/ridge_to_lake/pred_tum.txt
ODOM360B,328,-63.269976082,-36.353102197,-170.587343843,external_baselines/results/odom360b_local_pose_graph_kstep/test/pg_k3/ridge_to_lake/pred_tum.txt
ODOM360B,329,-63.782115089,-36.566656911,-170.845312328,external_baselines/results/odom360b_local_pose_graph_kstep/test/pg_k3/ridge_to_lake/pred_tum.txt
ODOM360B,330,-64.107255785,-36.825472385,-171.302197501,external_baselines/results/odom360b_local_pose_graph_kstep/test/pg_k3/ridge_to_lake/pred_tum.txt
ODOM360B,331,-64.428606734,-37.287195409,-171.570233347,external_baselines/results/odom360b_local_pose_graph_kstep/test/pg_k3/ridge_to_lake/pred_tum.txt
ODOM360B,332,-64.806509903,-37.562388171,-171.991420338,external_baselines/results/odom360b_local_pose_graph_kstep/test/pg_k3/ridge_to_lake/pred_tum.txt
ODOM360B,333,-64.817211916,-37.819398649,-172.592166431,external_baselines/results/odom360b_local_pose_graph_kstep/test/pg_k3/ridge_to_lake/pred_tum.txt
ODOM360B,334,-65.245302349,-38.205767234,-172.853458396,external_baselines/results/odom360b_local_pose_graph_kstep/test/pg_k3/ridge_to_lake/pred_tum.txt
ODOM360B,335,-65.644240055,-38.402524924,-173.314913447,external_baselines/results/odom360b_local_pose_graph_kstep/test/pg_k3/ridge_to_lake/pred_tum.txt
ODOM360B,336,-65.78867739,-38.712429103,-173.865239061,external_baselines/results/odom360b_local_pose_graph_kstep/test/pg_k3/ridge_to_lake/pred_tum.txt
ODOM360B,337,-66.263000395,-39.086130998,-174.046889988,external_baselines/results/odom360b_local_pose_graph_kstep/test/pg_k3/ridge_to_lake/pred_tum.txt
ODOM360B,338,-66.775914127,-39.338687731,-174.330803923,external_baselines/results/odom360b_local_pose_graph_kstep/test/pg_k3/ridge_to_lake/pred_tum.txt
ODOM360B,339,-66.971610984,-39.463917672,-174.928319486,external_baselines/results/odom360b_local_pose_graph_kstep/test/pg_k3/ridge_to_lake/pred_tum.txt
ODOM360B,340,-67.144717344,-39.737969228,-175.477426101,external_baselines/results/odom360b_local_pose_graph_kstep/test/pg_k3/ridge_to_lake/pred_tum.txt
ODOM360B,341,-67.537349849,-40.128250445,-175.7780716,external_baselines/results/odom360b_local_pose_graph_kstep/test/pg_k3/ridge_to_lake/pred_tum.txt
ODOM360B,342,-67.846668006,-40.309275854,-176.301547072,external_baselines/results/odom360b_local_pose_graph_kstep/test/pg_k3/ridge_to_lake/pred_tum.txt
ODOM360B,343,-68.086021396,-40.563874036,-176.830227609,external_baselines/results/odom360b_local_pose_graph_kstep/test/pg_k3/ridge_to_lake/pred_tum.txt
ODOM360B,344,-68.47930243,-40.982762216,-177.092685188,external_baselines/results/odom360b_local_pose_graph_kstep/test/pg_k3/ridge_to_lake/pred_tum.txt
ODOM360B,345,-68.815492038,-41.168614968,-177.59413491,external_baselines/results/odom360b_local_pose_graph_kstep/test/pg_k3/ridge_to_lake/pred_tum.txt
ODOM360B,346,-69.304182801,-41.377531608,-177.933368525,external_baselines/results/odom360b_local_pose_graph_kstep/test/pg_k3/ridge_to_lake/pred_tum.txt
ODOM360B,347,-69.612962738,-41.825203638,-178.255851158,external_baselines/results/odom360b_local_pose_graph_kstep/test/pg_k3/ridge_to_lake/pred_tum.txt
ODOM360B,348,-69.980525095,-42.002727534,-178.73669359,external_baselines/results/odom360b_local_pose_graph_kstep/test/pg_k3/ridge_to_lake/pred_tum.txt
ODOM360B,349,-70.457457721,-42.148608935,-179.126388102,external_baselines/results/odom360b_local_pose_graph_kstep/test/pg_k3/ridge_to_lake/pred_tum.txt
ODOM360B,350,-70.795334966,-42.587448617,-179.432882189,external_baselines/results/odom360b_local_pose_graph_kstep/test/pg_k3/ridge_to_lake/pred_tum.txt
ODOM360B,351,-71.285337067,-42.92016258,-179.671733389,external_baselines/results/odom360b_local_pose_graph_kstep/test/pg_k3/ridge_to_lake/pred_tum.txt
ODOM360B,352,-71.755437199,-43.033215474,-180.091551036,external_baselines/results/odom360b_local_pose_graph_kstep/test/pg_k3/ridge_to_lake/pred_tum.txt
ODOM360B,353,-71.948905699,-43.277784193,-180.64571463,external_baselines/results/odom360b_local_pose_graph_kstep/test/pg_k3/ridge_to_lake/pred_tum.txt
ODOM360B,354,-72.119259923,-43.538699884,-181.201617099,external_baselines/results/odom360b_local_pose_graph_kstep/test/pg_k3/ridge_to_lake/pred_tum.txt
ODOM360B,355,-72.536185656,-43.756499517,-181.614078874,external_baselines/results/odom360b_local_pose_graph_kstep/test/pg_k3/ridge_to_lake/pred_tum.txt
ODOM360B,356,-72.999869553,-44.097257762,-181.859018428,external_baselines/results/odom360b_local_pose_graph_kstep/test/pg_k3/ridge_to_lake/pred_tum.txt
ODOM360B,357,-73.277772123,-44.527746442,-182.230489252,external_baselines/results/odom360b_local_pose_graph_kstep/test/pg_k3/ridge_to_lake/pred_tum.txt
ODOM360B,358,-73.762411486,-44.667421229,-182.611119089,external_baselines/results/odom360b_local_pose_graph_kstep/test/pg_k3/ridge_to_lake/pred_tum.txt
ODOM360B,359,-74.092295161,-44.830392193,-183.131800952,external_baselines/results/odom360b_local_pose_graph_kstep/test/pg_k3/ridge_to_lake/pred_tum.txt
ODOM360B,360,-74.402604497,-45.249329163,-183.510745689,external_baselines/results/odom360b_local_pose_graph_kstep/test/pg_k3/ridge_to_lake/pred_tum.txt
ODOM360B,361,-74.928829962,-45.558094482,-183.72655288,external_baselines/results/odom360b_local_pose_graph_kstep/test/pg_k3/ridge_to_lake/pred_tum.txt
ODOM360B,362,-75.431475017,-45.710399481,-184.10800409,external_baselines/results/odom360b_local_pose_graph_kstep/test/pg_k3/ridge_to_lake/pred_tum.txt
ODOM360B,363,-75.707341943,-45.969551182,-184.654064794,external_baselines/results/odom360b_local_pose_graph_kstep/test/pg_k3/ridge_to_lake/pred_tum.txt
ODOM360B,364,-76.190648642,-46.088658049,-185.097161609,external_baselines/results/odom360b_local_pose_graph_kstep/test/pg_k3/ridge_to_lake/pred_tum.txt
ODOM360B,365,-76.762498362,-46.192180895,-185.440641382,external_baselines/results/odom360b_local_pose_graph_kstep/test/pg_k3/ridge_to_lake/pred_tum.txt
ODOM360B,366,-77.139442185,-46.49175051,-185.913321564,external_baselines/results/odom360b_local_pose_graph_kstep/test/pg_k3/ridge_to_lake/pred_tum.txt
ODOM360B,367,-77.492199865,-46.756962173,-186.43592443,external_baselines/results/odom360b_local_pose_graph_kstep/test/pg_k3/ridge_to_lake/pred_tum.txt
ODOM360B,368,-78.014702229,-46.900036938,-186.88881675,external_baselines/results/odom360b_local_pose_graph_kstep/test/pg_k3/ridge_to_lake/pred_tum.txt
ODOM360B,369,-78.720207425,-46.809399713,-187.015159539,external_baselines/results/odom360b_local_pose_graph_kstep/test/pg_k3/ridge_to_lake/pred_tum.txt
ODOM360B,370,-79.386774311,-46.785781728,-187.275070237,external_baselines/results/odom360b_local_pose_graph_kstep/test/pg_k3/ridge_to_lake/pred_tum.txt
ODOM360B,371,-79.978988546,-46.88451407,-187.693880139,external_baselines/results/odom360b_local_pose_graph_kstep/test/pg_k3/ridge_to_lake/pred_tum.txt
ODOM360B,372,-80.330165963,-47.090312651,-188.307156726,external_baselines/results/odom360b_local_pose_graph_kstep/test/pg_k3/ridge_to_lake/pred_tum.txt
ODOM360B,373,-80.684777208,-47.161635509,-188.959528415,external_baselines/results/odom360b_local_pose_graph_kstep/test/pg_k3/ridge_to_lake/pred_tum.txt
ODOM360B,374,-81.151718435,-47.154757511,-189.561728089,external_baselines/results/odom360b_local_pose_graph_kstep/test/pg_k3/ridge_to_lake/pred_tum.txt
ODOM360B,375,-81.507113408,-47.37134093,-190.166072349,external_baselines/results/odom360b_local_pose_graph_kstep/test/pg_k3/ridge_to_lake/pred_tum.txt
ODOM360B,376,-81.714496092,-47.516903869,-190.858348173,external_baselines/results/odom360b_local_pose_graph_kstep/test/pg_k3/ridge_to_lake/pred_tum.txt
ODOM360B,377,-82.03821099,-47.524175647,-191.531440209,external_baselines/results/odom360b_local_pose_graph_kstep/test/pg_k3/ridge_to_lake/pred_tum.txt
ODOM360B,378,-82.339294908,-47.72404548,-192.16431466,external_baselines/results/odom360b_local_pose_graph_kstep/test/pg_k3/ridge_to_lake/pred_tum.txt
ODOM360B,379,-82.604744297,-48.084072712,-192.722666148,external_baselines/results/odom360b_local_pose_graph_kstep/test/pg_k3/ridge_to_lake/pred_tum.txt
ODOM360B,380,-82.734799401,-48.303202197,-193.382983305,external_baselines/results/odom360b_local_pose_graph_kstep/test/pg_k3/ridge_to_lake/pred_tum.txt
ODOM360B,381,-82.761435317,-48.517376987,-194.051640782,external_baselines/results/odom360b_local_pose_graph_kstep/test/pg_k3/ridge_to_lake/pred_tum.txt
ODOM360B,382,-82.927974222,-48.841732601,-194.62162993,external_baselines/results/odom360b_local_pose_graph_kstep/test/pg_k3/ridge_to_lake/pred_tum.txt
ODOM360B,383,-83.280098329,-49.186356169,-195.078605463,external_baselines/results/odom360b_local_pose_graph_kstep/test/pg_k3/ridge_to_lake/pred_tum.txt
ODOM360B,384,-83.36967392,-49.514974033,-195.653543665,external_baselines/results/odom360b_local_pose_graph_kstep/test/pg_k3/ridge_to_lake/pred_tum.txt
ODOM360B,385,-83.669782603,-49.706950312,-196.236025188,external_baselines/results/odom360b_local_pose_graph_kstep/test/pg_k3/ridge_to_lake/pred_tum.txt
ODOM360B,386,-84.037449804,-49.940512454,-196.761806452,external_baselines/results/odom360b_local_pose_graph_kstep/test/pg_k3/ridge_to_lake/pred_tum.txt
ODOM360B,387,-84.136835217,-50.27663134,-197.327137543,external_baselines/results/odom360b_local_pose_graph_kstep/test/pg_k3/ridge_to_lake/pred_tum.txt
ODOM360B,388,-84.35762662,-50.727690511,-197.743570752,external_baselines/results/odom360b_local_pose_graph_kstep/test/pg_k3/ridge_to_lake/pred_tum.txt
ODOM360B,389,-84.753462463,-51.026313996,-198.164402692,external_baselines/results/odom360b_local_pose_graph_kstep/test/pg_k3/ridge_to_lake/pred_tum.txt
ODOM360B,390,-84.871256852,-51.222364588,-198.774940468,external_baselines/results/odom360b_local_pose_graph_kstep/test/pg_k3/ridge_to_lake/pred_tum.txt
ODOM360B,391,-84.961997626,-51.522077477,-199.343367897,external_baselines/results/odom360b_local_pose_graph_kstep/test/pg_k3/ridge_to_lake/pred_tum.txt
ODOM360B,392,-85.280279547,-51.863330556,-199.787230126,external_baselines/results/odom360b_local_pose_graph_kstep/test/pg_k3/ridge_to_lake/pred_tum.txt
ODOM360B,393,-85.341482523,-52.189343365,-200.333667885,external_baselines/results/odom360b_local_pose_graph_kstep/test/pg_k3/ridge_to_lake/pred_tum.txt
ODOM360B,394,-85.580551452,-52.600655953,-200.751040094,external_baselines/results/odom360b_local_pose_graph_kstep/test/pg_k3/ridge_to_lake/pred_tum.txt
ODOM360B,395,-85.840296123,-52.878253343,-201.250395764,external_baselines/results/odom360b_local_pose_graph_kstep/test/pg_k3/ridge_to_lake/pred_tum.txt
ODOM360B,396,-85.863688079,-53.149216637,-201.812121475,external_baselines/results/odom360b_local_pose_graph_kstep/test/pg_k3/ridge_to_lake/pred_tum.txt
ODOM360B,397,-86.214396239,-53.414045059,-202.248397957,external_baselines/results/odom360b_local_pose_graph_kstep/test/pg_k3/ridge_to_lake/pred_tum.txt
ODOM360B,398,-86.419611104,-53.831241368,-202.654597642,external_baselines/results/odom360b_local_pose_graph_kstep/test/pg_k3/ridge_to_lake/pred_tum.txt
ODOM360B,399,-86.732009472,-53.991429688,-203.166434923,external_baselines/results/odom360b_local_pose_graph_kstep/test/pg_k3/ridge_to_lake/pred_tum.txt
ODOM360B,400,-87.039609518,-54.391773683,-203.533169873,external_baselines/results/odom360b_local_pose_graph_kstep/test/pg_k3/ridge_to_lake/pred_tum.txt
ODOM360B,401,-87.219990393,-54.768562814,-204.004858073,external_baselines/results/odom360b_local_pose_graph_kstep/test/pg_k3/ridge_to_lake/pred_tum.txt
ODOM360B,402,-87.698759805,-54.910467854,-204.390480239,external_baselines/results/odom360b_local_pose_graph_kstep/test/pg_k3/ridge_to_lake/pred_tum.txt
ODOM360B,403,-88.197493282,-55.159095821,-204.686288156,external_baselines/results/odom360b_local_pose_graph_kstep/test/pg_k3/ridge_to_lake/pred_tum.txt
ODOM360B,404,-88.462256092,-55.582272571,-205.074127977,external_baselines/results/odom360b_local_pose_graph_kstep/test/pg_k3/ridge_to_lake/pred_tum.txt
ODOM360B,405,-88.915774823,-55.891146117,-205.393657258,external_baselines/results/odom360b_local_pose_graph_kstep/test/pg_k3/ridge_to_lake/pred_tum.txt
ODOM360B,406,-89.041053932,-56.080626047,-206.003936876,external_baselines/results/odom360b_local_pose_graph_kstep/test/pg_k3/ridge_to_lake/pred_tum.txt
ODOM360B,407,-89.143347075,-56.432743384,-206.537714031,external_baselines/results/odom360b_local_pose_graph_kstep/test/pg_k3/ridge_to_lake/pred_tum.txt
ODOM360B,408,-89.516478357,-56.827920282,-206.874554667,external_baselines/results/odom360b_local_pose_graph_kstep/test/pg_k3/ridge_to_lake/pred_tum.txt
ODOM360B,409,-89.73599065,-57.03086147,-207.441101568,external_baselines/results/odom360b_local_pose_graph_kstep/test/pg_k3/ridge_to_lake/pred_tum.txt
ODOM360B,410,-90.156140715,-57.377502539,-207.752550209,external_baselines/results/odom360b_local_pose_graph_kstep/test/pg_k3/ridge_to_lake/pred_tum.txt
ODOM360B,411,-90.278887293,-57.833407526,-208.173411323,external_baselines/results/odom360b_local_pose_graph_kstep/test/pg_k3/ridge_to_lake/pred_tum.txt
ODOM360B,412,-90.462857466,-58.055229679,-208.746305228,external_baselines/results/odom360b_local_pose_graph_kstep/test/pg_k3/ridge_to_lake/pred_tum.txt
ODOM360B,413,-90.939577846,-58.30390393,-209.086720772,external_baselines/results/odom360b_local_pose_graph_kstep/test/pg_k3/ridge_to_lake/pred_tum.txt
ODOM360B,414,-91.203199711,-58.740890514,-209.477725746,external_baselines/results/odom360b_local_pose_graph_kstep/test/pg_k3/ridge_to_lake/pred_tum.txt
ODOM360B,415,-91.257288639,-59.010923718,-210.070182109,external_baselines/results/odom360b_local_pose_graph_kstep/test/pg_k3/ridge_to_lake/pred_tum.txt
ODOM360B,416,-91.429298385,-59.271261072,-210.640393523,external_baselines/results/odom360b_local_pose_graph_kstep/test/pg_k3/ridge_to_lake/pred_tum.txt
ODOM360B,417,-91.873355858,-59.643288322,-210.934047785,external_baselines/results/odom360b_local_pose_graph_kstep/test/pg_k3/ridge_to_lake/pred_tum.txt
ODOM360B,418,-92.299808983,-59.984789008,-211.30364267,external_baselines/results/odom360b_local_pose_graph_kstep/test/pg_k3/ridge_to_lake/pred_tum.txt
ODOM360B,419,-92.911231817,-60.114135219,-211.544472952,external_baselines/results/odom360b_local_pose_graph_kstep/test/pg_k3/ridge_to_lake/pred_tum.txt
ODOM360B,420,-93.391559377,-60.228996134,-211.999125501,external_baselines/results/odom360b_local_pose_graph_kstep/test/pg_k3/ridge_to_lake/pred_tum.txt
ODOM360B,421,-93.698827236,-60.624825106,-212.443758513,external_baselines/results/odom360b_local_pose_graph_kstep/test/pg_k3/ridge_to_lake/pred_tum.txt
ODOM360B,422,-94.117764763,-61.009582891,-212.804843476,external_baselines/results/odom360b_local_pose_graph_kstep/test/pg_k3/ridge_to_lake/pred_tum.txt
ODOM360B,423,-94.538819107,-61.176827486,-213.301589489,external_baselines/results/odom360b_local_pose_graph_kstep/test/pg_k3/ridge_to_lake/pred_tum.txt
ODOM360B,424,-94.872469346,-61.520549306,-213.75687342,external_baselines/results/odom360b_local_pose_graph_kstep/test/pg_k3/ridge_to_lake/pred_tum.txt
ODOM360B,425,-95.085823969,-61.933124104,-214.216089566,external_baselines/results/odom360b_local_pose_graph_kstep/test/pg_k3/ridge_to_lake/pred_tum.txt
ODOM360B,426,-95.312358944,-62.133923704,-214.78921744,external_baselines/results/odom360b_local_pose_graph_kstep/test/pg_k3/ridge_to_lake/pred_tum.txt
ODOM360B,427,-95.775450197,-62.320699141,-215.185598767,external_baselines/results/odom360b_local_pose_graph_kstep/test/pg_k3/ridge_to_lake/pred_tum.txt
ODOM360B,428,-96.205431786,-62.706012299,-215.437686484,external_baselines/results/odom360b_local_pose_graph_kstep/test/pg_k3/ridge_to_lake/pred_tum.txt
ODOM360B,429,-96.629978549,-62.825115129,-215.880497385,external_baselines/results/odom360b_local_pose_graph_kstep/test/pg_k3/ridge_to_lake/pred_tum.txt
ODOM360B,430,-96.969239881,-63.121099257,-216.325826591,external_baselines/results/odom360b_local_pose_graph_kstep/test/pg_k3/ridge_to_lake/pred_tum.txt
ODOM360B,431,-97.514205041,-63.426994158,-216.469326717,external_baselines/results/odom360b_local_pose_graph_kstep/test/pg_k3/ridge_to_lake/pred_tum.txt
ODOM360B,432,-98.070910441,-63.44807444,-216.778851022,external_baselines/results/odom360b_local_pose_graph_kstep/test/pg_k3/ridge_to_lake/pred_tum.txt
ODOM360B,433,-98.498728155,-63.633624781,-217.218760284,external_baselines/results/odom360b_local_pose_graph_kstep/test/pg_k3/ridge_to_lake/pred_tum.txt
ODOM360B,434,-99.070536743,-63.893248811,-217.406742824,external_baselines/results/odom360b_local_pose_graph_kstep/test/pg_k3/ridge_to_lake/pred_tum.txt
ODOM360B,435,-99.63563486,-64.048115275,-217.715404866,external_baselines/results/odom360b_local_pose_graph_kstep/test/pg_k3/ridge_to_lake/pred_tum.txt
ODOM360B,436,-100.259918732,-64.011091175,-217.958964649,external_baselines/results/odom360b_local_pose_graph_kstep/test/pg_k3/ridge_to_lake/pred_tum.txt
ODOM360B,437,-100.861014642,-64.081315184,-218.261617413,external_baselines/results/odom360b_local_pose_graph_kstep/test/pg_k3/ridge_to_lake/pred_tum.txt
ODOM360B,438,-101.327863059,-64.177592524,-218.743622252,external_baselines/results/odom360b_local_pose_graph_kstep/test/pg_k3/ridge_to_lake/pred_tum.txt
ODOM360B,439,-101.920402156,-64.305686482,-219.043676301,external_baselines/results/odom360b_local_pose_graph_kstep/test/pg_k3/ridge_to_lake/pred_tum.txt
ODOM360B,440,-102.354100598,-64.608248685,-219.454637441,external_baselines/results/odom360b_local_pose_graph_kstep/test/pg_k3/ridge_to_lake/pred_tum.txt
ODOM360B,441,-102.526341748,-64.769269331,-220.079819179,external_baselines/results/odom360b_local_pose_graph_kstep/test/pg_k3/ridge_to_lake/pred_tum.txt
ODOM360B,442,-102.819684566,-64.977549411,-220.621598155,external_baselines/results/odom360b_local_pose_graph_kstep/test/pg_k3/ridge_to_lake/pred_tum.txt
ODOM360B,443,-103.128836584,-65.374352022,-221.024311678,external_baselines/results/odom360b_local_pose_graph_kstep/test/pg_k3/ridge_to_lake/pred_tum.txt
ODOM360B,444,-103.530119614,-65.525987082,-221.509081875,external_baselines/results/odom360b_local_pose_graph_kstep/test/pg_k3/ridge_to_lake/pred_tum.txt
ODOM360B,445,-103.667830614,-65.606179225,-222.141425858,external_baselines/results/odom360b_local_pose_graph_kstep/test/pg_k3/ridge_to_lake/pred_tum.txt
ODOM360B,446,-103.964345413,-65.812324232,-222.683841628,external_baselines/results/odom360b_local_pose_graph_kstep/test/pg_k3/ridge_to_lake/pred_tum.txt
ODOM360B,447,-104.246421887,-66.176707874,-223.151975361,external_baselines/results/odom360b_local_pose_graph_kstep/test/pg_k3/ridge_to_lake/pred_tum.txt
ODOM360B,448,-104.325918799,-66.452313857,-223.754128443,external_baselines/results/odom360b_local_pose_graph_kstep/test/pg_k3/ridge_to_lake/pred_tum.txt
ODOM360B,449,-104.610384035,-66.53602272,-224.355936065,external_baselines/results/odom360b_local_pose_graph_kstep/test/pg_k3/ridge_to_lake/pred_tum.txt
ODOM360B,450,-105.089868281,-66.668699646,-224.811216709,external_baselines/results/odom360b_local_pose_graph_kstep/test/pg_k3/ridge_to_lake/pred_tum.txt
ODOM360B,451,-105.305277238,-66.915427274,-225.405427812,external_baselines/results/odom360b_local_pose_graph_kstep/test/pg_k3/ridge_to_lake/pred_tum.txt
ODOM360B,452,-105.63486607,-67.045877954,-225.981527957,external_baselines/results/odom360b_local_pose_graph_kstep/test/pg_k3/ridge_to_lake/pred_tum.txt
ODOM360B,453,-106.25702044,-67.036286175,-226.237651334,external_baselines/results/odom360b_local_pose_graph_kstep/test/pg_k3/ridge_to_lake/pred_tum.txt
ODOM360B,454,-106.882794902,-67.074703448,-226.476743726,external_baselines/results/odom360b_local_pose_graph_kstep/test/pg_k3/ridge_to_lake/pred_tum.txt
ODOM360B,455,-107.333699528,-67.175779112,-226.962749349,external_baselines/results/odom360b_local_pose_graph_kstep/test/pg_k3/ridge_to_lake/pred_tum.txt
ODOM360B,456,-107.792881099,-67.290162177,-227.44571466,external_baselines/results/odom360b_local_pose_graph_kstep/test/pg_k3/ridge_to_lake/pred_tum.txt
ODOM360B,457,-108.437317242,-67.340037245,-227.653447242,external_baselines/results/odom360b_local_pose_graph_kstep/test/pg_k3/ridge_to_lake/pred_tum.txt
ODOM360B,458,-109.076937231,-67.269694471,-227.883081939,external_baselines/results/odom360b_local_pose_graph_kstep/test/pg_k3/ridge_to_lake/pred_tum.txt
ODOM360B,459,-109.597799624,-67.257224354,-228.325156527,external_baselines/results/odom360b_local_pose_graph_kstep/test/pg_k3/ridge_to_lake/pred_tum.txt
ODOM360B,460,-110.097034642,-67.376622243,-228.777389975,external_baselines/results/odom360b_local_pose_graph_kstep/test/pg_k3/ridge_to_lake/pred_tum.txt
ODOM360B,461,-110.76278707,-67.383542339,-228.942556009,external_baselines/results/odom360b_local_pose_graph_kstep/test/pg_k3/ridge_to_lake/pred_tum.txt
ODOM360B,462,-111.405197404,-67.261786966,-229.180441787,external_baselines/results/odom360b_local_pose_graph_kstep/test/pg_k3/ridge_to_lake/pred_tum.txt
ODOM360B,463,-111.789170475,-67.313839281,-229.748983235,external_baselines/results/odom360b_local_pose_graph_kstep/test/pg_k3/ridge_to_lake/pred_tum.txt
ODOM360B,464,-112.166947352,-67.596970755,-230.243738457,external_baselines/results/odom360b_local_pose_graph_kstep/test/pg_k3/ridge_to_lake/pred_tum.txt
ODOM360B,465,-112.467815803,-67.75814376,-230.83179263,external_baselines/results/odom360b_local_pose_graph_kstep/test/pg_k3/ridge_to_lake/pred_tum.txt
ODOM360B,466,-112.936930368,-67.803693152,-231.316354317,external_baselines/results/odom360b_local_pose_graph_kstep/test/pg_k3/ridge_to_lake/pred_tum.txt
ODOM360B,467,-113.3337774,-68.097799675,-231.772140167,external_baselines/results/odom360b_local_pose_graph_kstep/test/pg_k3/ridge_to_lake/pred_tum.txt
ODOM360B,468,-113.671243889,-68.289586999,-232.329804737,external_baselines/results/odom360b_local_pose_graph_kstep/test/pg_k3/ridge_to_lake/pred_tum.txt
ODOM360B,469,-114.275430184,-68.202791428,-232.657731659,external_baselines/results/odom360b_local_pose_graph_kstep/test/pg_k3/ridge_to_lake/pred_tum.txt
ODOM360B,470,-114.947193046,-68.141268158,-232.848965864,external_baselines/results/odom360b_local_pose_graph_kstep/test/pg_k3/ridge_to_lake/pred_tum.txt
ODOM360B,471,-115.474447875,-68.160823484,-233.322498048,external_baselines/results/odom360b_local_pose_graph_kstep/test/pg_k3/ridge_to_lake/pred_tum.txt
ODOM360B,472,-116.018165186,-68.130164947,-233.782270743,external_baselines/results/odom360b_local_pose_graph_kstep/test/pg_k3/ridge_to_lake/pred_tum.txt
ODOM360B,473,-116.680990387,-68.103280099,-234.031892597,external_baselines/results/odom360b_local_pose_graph_kstep/test/pg_k3/ridge_to_lake/pred_tum.txt
ODOM360B,474,-117.293267429,-68.147883096,-234.400973619,external_baselines/results/odom360b_local_pose_graph_kstep/test/pg_k3/ridge_to_lake/pred_tum.txt
ODOM360B,475,-117.583842738,-68.345569159,-235.031987882,external_baselines/results/odom360b_local_pose_graph_kstep/test/pg_k3/ridge_to_lake/pred_tum.txt
ODOM360B,476,-117.726853115,-68.575697179,-235.697731642,external_baselines/results/odom360b_local_pose_graph_kstep/test/pg_k3/ridge_to_lake/pred_tum.txt
ODOM360B,477,-117.974429287,-68.734420705,-236.358424291,external_baselines/results/odom360b_local_pose_graph_kstep/test/pg_k3/ridge_to_lake/pred_tum.txt
ODOM360B,478,-118.549660426,-68.730497188,-236.764732874,external_baselines/results/odom360b_local_pose_graph_kstep/test/pg_k3/ridge_to_lake/pred_tum.txt
ODOM360B,479,-119.203137031,-68.746901965,-236.967773641,external_baselines/results/odom360b_local_pose_graph_kstep/test/pg_k3/ridge_to_lake/pred_tum.txt
ODOM360B,480,-119.793233251,-68.892188067,-237.245648179,external_baselines/results/odom360b_local_pose_graph_kstep/test/pg_k3/ridge_to_lake/pred_tum.txt
ODOM360B,481,-120.196574832,-69.083275988,-237.72824313,external_baselines/results/odom360b_local_pose_graph_kstep/test/pg_k3/ridge_to_lake/pred_tum.txt
ODOM360B,482,-120.6599448,-69.257492817,-238.173163598,external_baselines/results/odom360b_local_pose_graph_kstep/test/pg_k3/ridge_to_lake/pred_tum.txt
ODOM360B,483,-120.658544945,-69.543582315,-238.776039499,external_baselines/results/odom360b_local_pose_graph_kstep/test/pg_k3/ridge_to_lake/pred_tum.txt
ODOM360B,484,-120.913539206,-69.776854277,-239.359228272,external_baselines/results/odom360b_local_pose_graph_kstep/test/pg_k3/ridge_to_lake/pred_tum.txt
ODOM360B,485,-121.539605612,-69.757068856,-239.610088447,external_baselines/results/odom360b_local_pose_graph_kstep/test/pg_k3/ridge_to_lake/pred_tum.txt
ODOM360B,486,-122.160185587,-69.826714974,-239.895795115,external_baselines/results/odom360b_local_pose_graph_kstep/test/pg_k3/ridge_to_lake/pred_tum.txt
ODOM360B,487,-122.69734288,-69.698145377,-240.332218495,external_baselines/results/odom360b_local_pose_graph_kstep/test/pg_k3/ridge_to_lake/pred_tum.txt
ODOM360B,488,-123.216389794,-69.541917772,-240.799637012,external_baselines/results/odom360b_local_pose_graph_kstep/test/pg_k3/ridge_to_lake/pred_tum.txt
ODOM360B,489,-123.821442894,-69.538063141,-241.194535591,external_baselines/results/odom360b_local_pose_graph_kstep/test/pg_k3/ridge_to_lake/pred_tum.txt
ODOM360B,490,-124.228980633,-69.673890313,-241.78461024,external_baselines/results/odom360b_local_pose_graph_kstep/test/pg_k3/ridge_to_lake/pred_tum.txt
ODOM360B,491,-124.580011429,-69.759003391,-242.412337949,external_baselines/results/odom360b_local_pose_graph_kstep/test/pg_k3/ridge_to_lake/pred_tum.txt
ODOM360B,492,-125.178378914,-69.696206542,-242.793307799,external_baselines/results/odom360b_local_pose_graph_kstep/test/pg_k3/ridge_to_lake/pred_tum.txt
ODOM360B,493,-125.725594408,-69.798742295,-243.221384984,external_baselines/results/odom360b_local_pose_graph_kstep/test/pg_k3/ridge_to_lake/pred_tum.txt
ODOM360B,494,-126.062343556,-70.081673761,-243.75988633,external_baselines/results/odom360b_local_pose_graph_kstep/test/pg_k3/ridge_to_lake/pred_tum.txt
ODOM360B,495,-126.352982455,-70.274493504,-244.350974608,external_baselines/results/odom360b_local_pose_graph_kstep/test/pg_k3/ridge_to_lake/pred_tum.txt
ODOM360B,496,-126.574502764,-70.530447162,-244.947242731,external_baselines/results/odom360b_local_pose_graph_kstep/test/pg_k3/ridge_to_lake/pred_tum.txt
ODOM360B,497,-126.86377178,-70.861153427,-245.474021317,external_baselines/results/odom360b_local_pose_graph_kstep/test/pg_k3/ridge_to_lake/pred_tum.txt
ODOM360B,498,-127.446865756,-70.985981518,-245.82065788,external_baselines/results/odom360b_local_pose_graph_kstep/test/pg_k3/ridge_to_lake/pred_tum.txt
ODOM360B,499,-127.984089624,-71.008534183,-246.255695092,external_baselines/results/odom360b_local_pose_graph_kstep/test/pg_k3/ridge_to_lake/pred_tum.txt
ODOM360B,500,-128.311519591,-71.159574891,-246.847487597,external_baselines/results/odom360b_local_pose_graph_kstep/test/pg_k3/ridge_to_lake/pred_tum.txt
ODOM360B,501,-128.713344523,-71.368809102,-247.375446294,external_baselines/results/odom360b_local_pose_graph_kstep/test/pg_k3/ridge_to_lake/pred_tum.txt
ODOM360B,502,-129.360124087,-71.385997719,-247.610754426,external_baselines/results/odom360b_local_pose_graph_kstep/test/pg_k3/ridge_to_lake/pred_tum.txt
ODOM360B,503,-129.983958674,-71.233981661,-247.865821509,external_baselines/results/odom360b_local_pose_graph_kstep/test/pg_k3/ridge_to_lake/pred_tum.txt
ODOM360B,504,-130.632017169,-71.220518278,-248.103767227,external_baselines/results/odom360b_local_pose_graph_kstep/test/pg_k3/ridge_to_lake/pred_tum.txt
ODOM360B,505,-131.244726998,-71.338061293,-248.411686372,external_baselines/results/odom360b_local_pose_graph_kstep/test/pg_k3/ridge_to_lake/pred_tum.txt
ODOM360B,506,-131.915412652,-71.242444359,-248.570618404,external_baselines/results/odom360b_local_pose_graph_kstep/test/pg_k3/ridge_to_lake/pred_tum.txt
ODOM360B,507,-132.535907074,-71.124769194,-248.868296217,external_baselines/results/odom360b_local_pose_graph_kstep/test/pg_k3/ridge_to_lake/pred_tum.txt
ODOM360B,508,-132.950210838,-71.192494991,-249.427807802,external_baselines/results/odom360b_local_pose_graph_kstep/test/pg_k3/ridge_to_lake/pred_tum.txt
ODOM360B,509,-133.416493426,-71.265182993,-249.950186006,external_baselines/results/odom360b_local_pose_graph_kstep/test/pg_k3/ridge_to_lake/pred_tum.txt
ODOM360B,510,-134.05689278,-71.178852116,-250.213639086,external_baselines/results/odom360b_local_pose_graph_kstep/test/pg_k3/ridge_to_lake/pred_tum.txt
ODOM360B,511,-134.684598141,-71.129370309,-250.530886948,external_baselines/results/odom360b_local_pose_graph_kstep/test/pg_k3/ridge_to_lake/pred_tum.txt
ODOM360B,512,-135.089744882,-71.330941148,-251.073862665,external_baselines/results/odom360b_local_pose_graph_kstep/test/pg_k3/ridge_to_lake/pred_tum.txt
ODOM360B,513,-135.250056298,-71.624870251,-251.705287524,external_baselines/results/odom360b_local_pose_graph_kstep/test/pg_k3/ridge_to_lake/pred_tum.txt
ODOM360B,514,-135.713669689,-71.77206998,-252.233777257,external_baselines/results/odom360b_local_pose_graph_kstep/test/pg_k3/ridge_to_lake/pred_tum.txt
ODOM360B,515,-136.388184631,-71.58357648,-252.426758642,external_baselines/results/odom360b_local_pose_graph_kstep/test/pg_k3/ridge_to_lake/pred_tum.txt
ODOM360B,516,-136.988818174,-71.463918977,-252.816261378,external_baselines/results/odom360b_local_pose_graph_kstep/test/pg_k3/ridge_to_lake/pred_tum.txt
ODOM360B,517,-137.343631239,-71.578985627,-253.439628452,external_baselines/results/odom360b_local_pose_graph_kstep/test/pg_k3/ridge_to_lake/pred_tum.txt
ODOM360B,518,-137.703355379,-71.71624939,-254.045012213,external_baselines/results/odom360b_local_pose_graph_kstep/test/pg_k3/ridge_to_lake/pred_tum.txt
ODOM360B,519,-138.072119542,-71.898550299,-254.625357953,external_baselines/results/odom360b_local_pose_graph_kstep/test/pg_k3/ridge_to_lake/pred_tum.txt
ODOM360B,520,-138.639577647,-71.864055919,-255.061232738,external_baselines/results/odom360b_local_pose_graph_kstep/test/pg_k3/ridge_to_lake/pred_tum.txt
ODOM360B,521,-139.303237004,-71.66176199,-255.22793095,external_baselines/results/odom360b_local_pose_graph_kstep/test/pg_k3/ridge_to_lake/pred_tum.txt
ODOM360B,522,-139.959989226,-71.533959591,-255.487551706,external_baselines/results/odom360b_local_pose_graph_kstep/test/pg_k3/ridge_to_lake/pred_tum.txt
ODOM360B,523,-140.539514789,-71.46830163,-255.922245911,external_baselines/results/odom360b_local_pose_graph_kstep/test/pg_k3/ridge_to_lake/pred_tum.txt
ODOM360B,524,-141.126149748,-71.466400648,-256.369453149,external_baselines/results/odom360b_local_pose_graph_kstep/test/pg_k3/ridge_to_lake/pred_tum.txt
ODOM360B,525,-141.60636074,-71.512235307,-256.926168424,external_baselines/results/odom360b_local_pose_graph_kstep/test/pg_k3/ridge_to_lake/pred_tum.txt
ODOM360B,526,-141.978750447,-71.63562875,-257.516478706,external_baselines/results/odom360b_local_pose_graph_kstep/test/pg_k3/ridge_to_lake/pred_tum.txt
ODOM360B,527,-142.579209124,-71.580276031,-257.849958565,external_baselines/results/odom360b_local_pose_graph_kstep/test/pg_k3/ridge_to_lake/pred_tum.txt
ODOM360B,528,-143.156822509,-71.61878856,-258.20312701,external_baselines/results/odom360b_local_pose_graph_kstep/test/pg_k3/ridge_to_lake/pred_tum.txt
ODOM360B,529,-143.421314966,-71.981775339,-258.715892212,external_baselines/results/odom360b_local_pose_graph_kstep/test/pg_k3/ridge_to_lake/pred_tum.txt
ODOM360B,530,-143.664615648,-72.317889377,-259.246853984,external_baselines/results/odom360b_local_pose_graph_kstep/test/pg_k3/ridge_to_lake/pred_tum.txt
ODOM360B,531,-144.072508567,-72.254418983,-259.824975552,external_baselines/results/odom360b_local_pose_graph_kstep/test/pg_k3/ridge_to_lake/pred_tum.txt
ODOM360B,532,-144.581969068,-72.267955359,-260.296562164,external_baselines/results/odom360b_local_pose_graph_kstep/test/pg_k3/ridge_to_lake/pred_tum.txt
ODOM360B,533,-145.042448086,-72.560392224,-260.70632779,external_baselines/results/odom360b_local_pose_graph_kstep/test/pg_k3/ridge_to_lake/pred_tum.txt
ODOM360B,534,-145.264721201,-72.947785231,-261.22778304,external_baselines/results/odom360b_local_pose_graph_kstep/test/pg_k3/ridge_to_lake/pred_tum.txt
ODOM360B,535,-145.686923016,-72.998719737,-261.778087629,external_baselines/results/odom360b_local_pose_graph_kstep/test/pg_k3/ridge_to_lake/pred_tum.txt
ODOM360B,536,-146.087886882,-73.109393709,-262.357267681,external_baselines/results/odom360b_local_pose_graph_kstep/test/pg_k3/ridge_to_lake/pred_tum.txt
ODOM360B,537,-146.425938224,-73.475196326,-262.853919499,external_baselines/results/odom360b_local_pose_graph_kstep/test/pg_k3/ridge_to_lake/pred_tum.txt
ODOM360B,538,-146.612763449,-73.728283467,-263.47548979,external_baselines/results/odom360b_local_pose_graph_kstep/test/pg_k3/ridge_to_lake/pred_tum.txt
ODOM360B,539,-146.951635613,-73.845002841,-264.040072777,external_baselines/results/odom360b_local_pose_graph_kstep/test/pg_k3/ridge_to_lake/pred_tum.txt
ODOM360B,540,-147.259854105,-74.189376557,-264.494981955,external_baselines/results/odom360b_local_pose_graph_kstep/test/pg_k3/ridge_to_lake/pred_tum.txt
ODOM360B,541,-147.282982896,-74.56250281,-265.035342684,external_baselines/results/odom360b_local_pose_graph_kstep/test/pg_k3/ridge_to_lake/pred_tum.txt
ODOM360B,542,-147.47324438,-74.928782718,-265.556009023,external_baselines/results/odom360b_local_pose_graph_kstep/test/pg_k3/ridge_to_lake/pred_tum.txt
ODOM360B,543,-147.797546357,-75.132899404,-266.096789507,external_baselines/results/odom360b_local_pose_graph_kstep/test/pg_k3/ridge_to_lake/pred_tum.txt
ODOM360B,544,-147.878185489,-75.392688417,-266.700697387,external_baselines/results/odom360b_local_pose_graph_kstep/test/pg_k3/ridge_to_lake/pred_tum.txt
ODOM360B,545,-148.024857126,-75.887074881,-267.103262917,external_baselines/results/odom360b_local_pose_graph_kstep/test/pg_k3/ridge_to_lake/pred_tum.txt
ODOM360B,546,-148.195862677,-76.232199206,-267.628498323,external_baselines/results/odom360b_local_pose_graph_kstep/test/pg_k3/ridge_to_lake/pred_tum.txt
ODOM360B,547,-148.275664594,-76.536913563,-268.198268283,external_baselines/results/odom360b_local_pose_graph_kstep/test/pg_k3/ridge_to_lake/pred_tum.txt
ODOM360B,548,-148.568558787,-76.934519975,-268.625056369,external_baselines/results/odom360b_local_pose_graph_kstep/test/pg_k3/ridge_to_lake/pred_tum.txt
ODOM360B,549,-148.734245797,-77.313536367,-269.120581011,external_baselines/results/odom360b_local_pose_graph_kstep/test/pg_k3/ridge_to_lake/pred_tum.txt
ODOM360B,550,-148.847883888,-77.693596585,-269.606420431,external_baselines/results/odom360b_local_pose_graph_kstep/test/pg_k3/ridge_to_lake/pred_tum.txt
ODOM360B,551,-149.047524554,-78.147586935,-270.150461914,external_baselines/results/odom360b_local_pose_graph_kstep/test/pg_k3/ridge_to_lake/pred_tum.txt
